#####################################################
# Database setup SQL for a new install of AChecker
#####################################################

-- Table structure for table `checks`

CREATE TABLE `checks` (
  `check_id` mediumint(8) unsigned NOT NULL,
  `html_tag` varchar(50) default NULL,
  `confidence` varchar(50) default NULL COMMENT 'Values: Known, Likely, Potetial',
  `status` mediumint(8) unsigned default NULL,
  `note` varchar(500) default NULL,
  `name` text,
  `err` text,
  `description` text,
  `rationale` text,
  `how_to_repair` text,
  `repair_example` text,
  `question` text,
  `decision_pass` text,
  `decision_fail` text,
  PRIMARY KEY  (`check_id`)
) ENGINE=MyISAM DEFAULT CHARSET=utf8;

-- Dumping data for table `checks`

INSERT INTO `checks` (`check_id`, `html_tag`, `confidence`, `status`, `note`, `name`, `err`, `description`, `rationale`, `how_to_repair`, `repair_example`, `question`, `decision_pass`, `decision_fail`) VALUES
(1, 'img', '0', 5, '', '_NAME_1', '_ERR_1', '_DESC_1', '_RATIONALE_1', '_HOWTOREPAIR_1', '_REPAIREXAMPLE_1', '', '', ''),
(2, 'img', '1', 6, '_NOTE_2', '_NAME_2', '_ERR_2', '_DESC_2', '_RATIONALE_2', '', '', '_QUESTION_2', '_DECISIONPASS_2', '_DECISIONFAIL_2'),
(3, 'img', '1', 5, '', '_NAME_3', '_ERR_3', '_DESC_3', '_RATIONALE_3', '', '', '_QUESTION_3', '_DECISIONPASS_3', '_DECISIONFAIL_3'),
(4, 'img', '1', 6, '_NOTE_4', '_NAME_4', '_ERR_4', '_DESC_4', '_RATIONALE_4', '', '', '_QUESTION_4', '_DECISIONPASS_4', '_DECISIONFAIL_4'),
(5, 'img', '1', 1, '', '_NAME_5', '_ERR_5', '_DESC_5', '_RATIONALE_5', '', '', '_QUESTION_5', '_DECISIONPASS_5', '_DECISIONFAIL_5'),
(6, 'img', '1', 4, '_NOTE_6', '_NAME_6', '_ERR_6', '_DESC_6', '_RATIONALE_6', '', '', '_QUESTION_6', '_DECISIONPASS_6', '_DECISIONFAIL_6'),
(7, 'img', '0', 6, '_NOTE_7', '_NAME_7', '_ERR_7', '_DESC_7', '_RATIONALE_7', '_HOWTOREPAIR_7', '', '', '', ''),
(8, 'img', '2', 5, '', '_NAME_8', '_ERR_8', '_DESC_8', '_RATIONALE_8', '', '', '_QUESTION_8', '_DECISIONPASS_8', '_DECISIONFAIL_8'),
(9, 'img', '0', 5, '_NOTE_9', '_NAME_9', '_ERR_9', '_DESC_9', '_RATIONALE_9', '_HOWTOREPAIR_9', '', '', '', ''),
(10, 'img', '2', 3, '_NOTE_10', '_NAME_10', '_ERR_10', '_DESC_10', '_RATIONALE_10', '', '', '_QUESTION_10', '_DECISIONPASS_10', '_DECISIONFAIL_10'),
(11, 'img', '2', 5, '', '_NAME_11', '_ERR_11', '_DESC_11', '', '', '', '_QUESTION_11', '_DECISIONPASS_11', '_DECISIONFAIL_11'),
(12, 'img', '0', 6, '_NOTE_12', '_NAME_12', '_ERR_12', '_DESC_12', '', '_HOWTOREPAIR_12', '', '', '', ''),
(13, 'img', '0', 5, '', '_NAME_13', '_ERR_13', '_DESC_13', '_RATIONALE_13', '_HOWTOREPAIR_13', '', '', '', ''),
(14, 'img', '2', 5, '', '_NAME_14', '_ERR_14', '_DESC_14', '_RATIONALE_14', '', '', '_QUESTION_14', '_DECISIONPASS_14', '_DECISIONFAIL_14'),
(15, 'img', '2', 6, '_NOTE_15', '_NAME_15', '_ERR_15', '_DESC_15', '', '', '', '_QUESTION_15', '_DECISIONPASS_15', '_DECISIONFAIL_15'),
(16, 'img', '2', 5, '', '_NAME_16', '_ERR_16', '_DESC_16', '', '', '', '_QUESTION_16', '_DECISIONPASS_16', '_DECISIONFAIL_16'),
(17, 'a', '2', 1, '', '_NAME_17', '_ERR_17', '_DESC_17', '', '', '', '_QUESTION_17', '_DECISIONPASS_17', '_DECISIONFAIL_17'),
(18, 'a', '1', 1, '', '_NAME_18', '_ERR_18', '_DESC_18', '', '', '', '_QUESTION_18', '_DECISIONPASS_18', '_DECISIONFAIL_18'),
(19, 'a', '1', 3, '', '_NAME_19', '_ERR_19', '_DESC_19', '', '', '', '_QUESTION_19', '_DECISIONPASS_19', '_DECISIONFAIL_19'),
(20, 'a', '1', 1, '', '_NAME_20', '_ERR_20', '_DESC_20', '', '', '', '_QUESTION_20', '_DECISIONPASS_20', '_DECISIONFAIL_20'),
(21, 'applet', '2', 1, '', '_NAME_21', '_ERR_21', '_DESC_21', '', '', '', '_QUESTION_21', '_DECISIONPASS_21', '_DECISIONFAIL_21'),
(22, 'applet', '2', 1, '', '_NAME_22', '_ERR_22', '_DESC_22', '', '', '', '_QUESTION_22', '_DECISIONPASS_22', '_DECISIONFAIL_22'),
(23, 'applet', '2', 1, '', '_NAME_23', '_ERR_23', '_DESC_23', '', '', '', '_QUESTION_23', '_DECISIONPASS_23', '_DECISIONFAIL_23'),
(24, 'applet', '2', 6, '', '_NAME_24', '_ERR_24', '_DESC_24', '', '', '', '_QUESTION_24', '_DECISIONPASS_24', '_DECISIONFAIL_24'),
(25, 'applet', '2', 1, '', '_NAME_25', '_ERR_25', '_DESC_25', '', '', '', '_QUESTION_25', '_DECISIONPASS_25', '_DECISIONFAIL_25'),
(26, 'applet', '2', 1, '', '_NAME_26', '_ERR_26', '_DESC_26', '', '', '', '_QUESTION_26', '_DECISIONPASS_26', '_DECISIONFAIL_26'),
(27, 'blink', '0', 1, '', '_NAME_27', '_ERR_27', '_DESC_27', '', '_HOWTOREPAIR_27', '', '', '', ''),
(28, 'body', '2', 1, '', '_NAME_28', '_ERR_28', '_DESC_28', '', '', '', '_QUESTION_28', '_DECISIONPASS_28', '_DECISIONFAIL_28'),
(29, 'html', '0', 5, '', '_NAME_29', '_ERR_29', '_DESC_29', '', '_HOWTOREPAIR_29', '', '', '', ''),
(30, 'object', '2', 1, '', '_NAME_30', '_ERR_30', '_DESC_30', '', '', '', '_QUESTION_30', '_DECISIONPASS_30', '_DECISIONFAIL_30'),
(31, 'frame', '0', 4, '', '_NAME_31', '_ERR_31', '_DESC_31', '', '_HOWTOREPAIR_31', '_REPAIREXAMPLE_31', '', '', ''),
(32, 'frame', '2', 4, '', '_NAME_32', '_ERR_32', '_DESC_32', '', '', '', '_QUESTION_32', '_DECISIONPASS_32', '_DECISIONFAIL_32'),
(33, 'frame', '2', 4, '', '_NAME_33', '_ERR_33', '_DESC_33', '', '', '', '_QUESTION_33', '_DECISIONPASS_33', '_DECISIONFAIL_33'),
(34, 'frameset', '1', 6, '_NOTE_34', '_NAME_34', '_ERR_34', '_DESC_34', '', '', '', '_QUESTION_34', '_DECISIONPASS_34', '_DECISIONFAIL_34'),
(35, 'frameset', '0', 6, '_NOTE_35', '_NAME_35', '_ERR_35', '_DESC_35', '', '_HOWTOREPAIR_35', '', '', '', ''),
(36, 'noframes', '2', 6, '_NOTE_36', '_NAME_36', '_ERR_36', '_DESC_36', '', '', '', '_QUESTION_36', '_DECISIONPASS_36', '_DECISIONFAIL_36'),
(37, 'h1', '0', 4, '', '_NAME_37', '_ERR_37', '_DESC_37', '', '_HOWTOREPAIR_37', '', '', '', ''),
(38, 'h2', '0', 4, '', '_NAME_38', '_ERR_38', '_DESC_38', '', '_HOWTOREPAIR_38', '', '', '', ''),
(39, 'h3', '0', 4, '', '_NAME_39', '_ERR_39', '_DESC_39', '', '_HOWTOREPAIR_39', '', '', '', ''),
(40, 'h4', '0', 4, '', '_NAME_40', '_ERR_40', '_DESC_40', '', '_HOWTOREPAIR_40', '', '', '', ''),
(41, 'h5', '0', 6, '_NOTE_41', '_NAME_41', '_ERR_41', '_DESC_41', '', '_HOWTOREPAIR_41', '', '', '', ''),
(42, 'h1', '2', 4, '', '_NAME_42', '_ERR_42', '_DESC_42', '', '', '', '_QUESTION_42', '_DECISIONPASS_42', '_DECISIONFAIL_42'),
(43, 'h2', '2', 4, '', '_NAME_43', '_ERR_43', '_DESC_43', '', '', '', '_QUESTION_43', '_DECISIONPASS_43', '_DECISIONFAIL_43'),
(44, 'h3', '2', 4, '', '_NAME_44', '_ERR_44', '_DESC_44', '', '', '', '_QUESTION_44', '_DECISIONPASS_44', '_DECISIONFAIL_44'),
(45, 'h4', '2', 4, '', '_NAME_45', '_ERR_45', '_DESC_45', '', '', '', '_QUESTION_45', '_DECISIONPASS_45', '_DECISIONFAIL_45'),
(46, 'h5', '2', 4, '', '_NAME_46', '_ERR_46', '_DESC_46', '', '', '', '_QUESTION_46', '_DECISIONPASS_46', '_DECISIONFAIL_46'),
(47, 'h6', '2', 4, '', '_NAME_47', '_ERR_47', '_DESC_47', '', '', '', '_QUESTION_47', '_DECISIONPASS_47', '_DECISIONFAIL_47'),
(48, 'html', '0', 4, '', '_NAME_48', '_ERR_48', '_DESC_48', '_RATIONALE_48', '_HOWTOREPAIR_48', '_REPAIREXAMPLE_48', '', '', ''),
(49, 'html', '0', 5, '', '_NAME_49', '_ERR_49', '_DESC_49', '_RATIONALE_49', '_HOWTOREPAIR_49', '', '', '', ''),
(50, 'head', '0', 5, '', '_NAME_50', '_ERR_50', '_DESC_50', '', '_HOWTOREPAIR_50', '_REPAIREXAMPLE_50', '', '', ''),
(51, 'title', '0', 5, '', '_NAME_51', '_ERR_51', '_DESC_51', '', '_HOWTOREPAIR_51', '', '', '', ''),
(52, 'title', '1', 1, '', '_NAME_52', '_ERR_52', '_DESC_52', '', '', '', '_QUESTION_52', '_DECISIONPASS_52', '_DECISIONFAIL_52'),
(53, 'title', '1', 5, '', '_NAME_53', '_ERR_53', '_DESC_53', '', '', '', '_QUESTION_53', '_DECISIONPASS_53', '_DECISIONFAIL_53'),
(54, 'title', '2', 4, '', '_NAME_54', '_ERR_54', '_DESC_54', '_RATIONALE_54', '', '', '_QUESTION_54', '_DECISIONPASS_54', '_DECISIONFAIL_54'),
(55, 'input', '2', 1, '', '_NAME_55', '_ERR_55', '_DESC_55', '', '', '', '_QUESTION_55', '_DECISIONPASS_55', '_DECISIONFAIL_55'),
(57, 'input', '0', 5, '', '_NAME_57', '_ERR_57', '_DESC_57', '', '_HOWTOREPAIR_57', '', '', '', ''),
(58, 'input', '0', 5, '', '_NAME_58', '_ERR_58', '_DESC_58', '', '_HOWTOREPAIR_58', '', '', '', ''),
(59, 'input', '2', 5, '', '_NAME_59', '_ERR_59', '_DESC_59', '', '', '', '_QUESTION_59', '_DECISIONPASS_59', '_DECISIONFAIL_59'),
(60, 'input', '1', 6, '_NOTE_60', '_NAME_60', '_ERR_60', '_DESC_60', '', '', '', '_QUESTION_60', '_DECISIONPASS_60', '_DECISIONFAIL_60'),
(61, 'input', '1', 1, '', '_NAME_61', '_ERR_61', '_DESC_61', '', '', '', '_QUESTION_61', '_DECISIONPASS_61', '_DECISIONFAIL_61'),
(62, 'input', '1', 1, '', '_NAME_62', '_ERR_62', '_DESC_62', '', '', '', '_QUESTION_62', '_DECISIONPASS_62', '_DECISIONFAIL_62'),
(63, 'input', '0', 6, '_NOTE_63', '_NAME_63', '_ERR_63', '_DESC_63', '', '_HOWTOREPAIR_63', '', '', '', ''),
(64, 'area', '0', 5, '', '_NAME_64', '_ERR_64', '_DESC_64', '', '_HOWTOREPAIR_64', '', '', '', ''),
(65, 'area', '2', 5, '', '_NAME_65', '_ERR_65', '_DESC_65', '', '', '', '_QUESTION_65', '_DECISIONPASS_65', '_DECISIONFAIL_65'),
(66, 'area', '1', 4, '', '_NAME_66', '_ERR_66', '_DESC_66', '', '', '', '_QUESTION_66', '_DECISIONPASS_66', '_DECISIONFAIL_66'),
(68, 'area', '1', 3, '', '_NAME_68', '_ERR_68', '_DESC_68', '', '', '', '_QUESTION_68', '_DECISIONPASS_68', '_DECISIONFAIL_68'),
(69, 'marquee', '0', 4, '', '_NAME_69', '_ERR_69', '_DESC_69', '', '_HOWTOREPAIR_69', '', '', '', ''),
(70, 'menu', '1', 6, '_NOTE_70', '_NAME_70', '_ERR_70', '_DESC_70', '', '', '', '_QUESTION_70', '_DECISIONPASS_70', '_DECISIONFAIL_70'),
(71, 'meta', '0', 1, '', '_NAME_71', '_ERR_71', '_DESC_71', '_RATIONALE_71', '_HOWTOREPAIR_71', '', '', '', ''),
(72, 'meta', '0', 1, '', '_NAME_72', '_ERR_72', '_DESC_72', '_RATIONALE_72', '_HOWTOREPAIR_72', '', '', '', ''),
(73, 'object', '2', 1, '', '_NAME_73', '_ERR_73', '_DESC_73', '', '', '', '_QUESTION_73', '_DECISIONPASS_73', '_DECISIONFAIL_73'),
(74, 'object', '2', 1, '', '_NAME_74', '_ERR_74', '_DESC_74', '', '', '', '_QUESTION_74', '_DECISIONPASS_74', '_DECISIONFAIL_74'),
(75, 'object', '2', 1, '', '_NAME_75', '_ERR_75', '_DESC_75', '', '', '', '_QUESTION_75', '_DECISIONPASS_75', '_DECISIONFAIL_75'),
(76, 'object', '2', 1, '', '_NAME_76', '_ERR_76', '_DESC_76', '', '', '', '_QUESTION_76', '_DECISIONPASS_76', '_DECISIONFAIL_76'),
(77, 'object', '2', 1, '', '_NAME_77', '_ERR_77', '_DESC_77', '', '', '', '_QUESTION_77', '_DECISIONPASS_77', '_DECISIONFAIL_77'),
(78, 'object', '0', 1, '', '_NAME_78', '_ERR_78', '_DESC_78', '', '_HOWTOREPAIR_78', '', '', '', ''),
(79, 'object', '0', 1, '', '_NAME_79', '_ERR_79', '_DESC_79', '', '_HOWTOREPAIR_79', '', '', '', ''),
(80, 'object', '2', 1, '', '_NAME_80', '_ERR_80', '_DESC_80', '_RATIONALE_80', '', '', '_QUESTION_80', '_DECISIONPASS_80', '_DECISIONFAIL_80'),
(81, 'ol', '1', 1, '', '_NAME_81', '_ERR_81', '_DESC_81', '', '', '', '_QUESTION_81', '_DECISIONPASS_81', '_DECISIONFAIL_81'),
(82, 'p', '1', 4, '', '_NAME_82', '_ERR_82', '_DESC_82', '', '', '', '_QUESTION_82', '_DECISIONPASS_82', '_DECISIONFAIL_82'),
(83, 'pre', '1', 1, '', '_NAME_83', '_ERR_83', '_DESC_83', '', '', '', '_QUESTION_83', '_DECISIONPASS_83', '_DECISIONFAIL_83'),
(84, 'pre', '1', 1, '', '_NAME_84', '_ERR_84', '_DESC_84', '', '', '', '_QUESTION_84', '_DECISIONPASS_84', '_DECISIONFAIL_84'),
(86, 'script', '2', 1, '', '_NAME_86', '_ERR_86', '_DESC_86', '', '', '', '_QUESTION_86', '_DECISIONPASS_86', '_DECISIONFAIL_86'),
(87, 'script', '2', 1, '', '_NAME_87', '_ERR_87', '_DESC_87', '', '', '', '_QUESTION_87', '_DECISIONPASS_87', '_DECISIONFAIL_87'),
(88, 'script', '2', 1, '', '_NAME_88', '_ERR_88', '_DESC_88', '', '', '', '_QUESTION_88', '_DECISIONPASS_88', '_DECISIONFAIL_88'),
(89, 'script', '2', 1, '', '_NAME_89', '_ERR_89', '_DESC_89', '', '', '', '_QUESTION_89', '_DECISIONPASS_89', '_DECISIONFAIL_89'),
(90, 'script', '0', 1, '', '_NAME_90', '_ERR_90', '_DESC_90', '', '_HOWTOREPAIR_90', '', '', '', ''),
(91, 'select', '0', 1, '', '_NAME_91', '_ERR_91', '_DESC_91', '', '_HOWTOREPAIR_91', '', '', '', ''),
(92, 'select', '1', 4, '', '_NAME_92', '_ERR_92', '_DESC_92', '', '', '', '_QUESTION_92', '_DECISIONPASS_92', '_DECISIONFAIL_92'),
(94, 'script', '1', 1, '', '_NAME_94', '_ERR_94', '_DESC_94', '', '', '', '_QUESTION_94', '_DECISIONPASS_94', '_DECISIONFAIL_94'),
(95, 'textarea', '0', 1, '', '_NAME_95', '_ERR_95', '', '', '_HOWTOREPAIR_95', '', '', '', ''),
(96, 'textarea', '0', 1, '', '_NAME_96', '_ERR_96', '_DESC_96', '', '_HOWTOREPAIR_96', '', '', '', ''),
(97, 'link', '2', 6, '_NOTE_97', '_NAME_97', '_ERR_97', '_DESC_97', '', '', '', '_QUESTION_97', '_DECISIONPASS_97', '_DECISIONFAIL_97'),
(98, 'body', '2', 1, '', '_NAME_98', '_ERR_98', '_DESC_98', '_RATIONALE_98', '', '', '_QUESTION_98', '_DECISIONPASS_98', '_DECISIONFAIL_98'),
(99, 'body', '2', 1, '', '_NAME_99', '_ERR_99', '_DESC_99', '_RATIONALE_99', '', '', '_QUESTION_99', '_DECISIONPASS_99', '_DECISIONFAIL_99'),
(100, 'blockquote', '2', 1, '', '_NAME_100', '_ERR_100', '_DESC_100', '_RATIONALE_100', '', '', '_QUESTION_100', '_DECISIONPASS_100', '_DECISIONFAIL_100'),
(101, 'iframe', '1', 1, '', '_NAME_101', '_ERR_101', '_DESC_101', '', '', '', '', '', ''),
(102, 'all elements', '0', 1, '', '_NAME_102', '_ERR_102', '_DESC_102', '', '_HOWTOREPAIR_102', '', '', '', ''),
(103, 'all elements', '2', 1, '', '_NAME_103', '_ERR_103', '_DESC_103', '', '', '', '_QUESTION_103', '_DECISIONPASS_103', '_DECISIONFAIL_103'),
(104, 'all elements', '0', 1, '', '_NAME_104', '_ERR_104', '_DESC_104', '', '_HOWTOREPAIR_104', '', '', '', ''),
(105, 'all elements', '2', 1, '', '_NAME_105', '_ERR_105', '_DESC_105', '', '', '', '_QUESTION_105', '_DECISIONPASS_105', '_DECISIONFAIL_105'),
(106, 'all elements', '0', 1, '', '_NAME_106', '_ERR_106', '_DESC_106', '', '_HOWTOREPAIR_106', '', '', '', ''),
(107, 'all elements', '0', 1, '', '_NAME_107', '_ERR_107', '_DESC_107', '', '_HOWTOREPAIR_107', '', '', '', ''),
(108, 'all elements', '0', 1, '', '_NAME_108', '_ERR_108', '_DESC_108', '', '_HOWTOREPAIR_108', '', '', '', ''),
(109, 'all elements', '1', 6, '_NOTE_109', '_NAME_109', '_ERR_109', '_DESC_109', '', '', '', '_QUESTION_109', '_DECISIONPASS_109', '_DECISIONFAIL_109'),
(110, 'body', '2', 1, '', '_NAME_110', '_ERR_110', '_DESC_110', '_RATIONALE_110', '', '', '_QUESTION_110', '_DECISIONPASS_110', '_DECISIONFAIL_110'),
(111, 'table', '2', 3, '', '_NAME_111', '_ERR_111', '_DESC_111', '', '', '', '_QUESTION_111', '_DECISIONPASS_111', '_DECISIONFAIL_111'),
(112, 'table', '0', 3, '', '_NAME_112', '_ERR_112', '_DESC_112', '', '_HOWTOREPAIR_112', '_REPAIREXAMPLE_112', '', '', ''),
(113, 'table', '1', 3, '', '_NAME_113', '_ERR_113', '_DESC_113', '', '', '', '_QUESTION_113', '_DECISIONPASS_113', '_DECISIONFAIL_113'),
(114, 'table', '0', 3, '', '_NAME_114', '_ERR_114', '_DESC_114', '', '_HOWTOREPAIR_114', '_REPAIREXAMPLE_114', '', '', ''),
(115, 'table', '0', 3, '', '_NAME_115', '_ERR_115', '_DESC_115', '', '_HOWTOREPAIR_115', '', '', '', ''),
(116, 'b', '0', 6, '_NOTE_116', '_NAME_116', '_ERR_116', '_DESC_116', '_RATIONALE_116', '_HOWTOREPAIR_116', '', '', '', ''),
(117, 'i', '0', 6, '_NOTE_117', '_NAME_117', '_ERR_117', '_DESC_117', '_RATIONALE_117', '_HOWTOREPAIR_117', '', '', '', ''),
(118, 'input', '0', 5, '', '_NAME_118', '_ERR_118', '_DESC_118', '', '_HOWTOREPAIR_118', '', '', '', ''),
(119, 'input', '0', 5, '', '_NAME_119', '_ERR_119', '_DESC_119', '', '_HOWTOREPAIR_119', '', '', '', ''),
(120, 'input', '0', 5, '', '_NAME_120', '_ERR_120', '_DESC_120', '', '_HOWTOREPAIR_120', '', '', '', ''),
(121, 'input', '0', 5, '', '_NAME_121', '_ERR_121', '_DESC_121', '', '_HOWTOREPAIR_121', '', '', '', ''),
(122, 'input', '1', 1, '', '_NAME_122', '_ERR_122', '_DESC_122', '', '', '', '', '', ''),
(123, 'input', '1', 1, '', '_NAME_123', '_ERR_123', '_DESC_123', '', '', '', '', '', ''),
(124, 'input', '1', 1, '', '_NAME_124', '_ERR_124', '_DESC_124', '', '', '', '', '', ''),
(125, 'input', '1', 1, '', '_NAME_125', '_ERR_125', '_DESC_125', '', '', '', '', '', ''),
(126, 'input', '0', 6, '_NOTE_126', '_NAME_126', '_ERR_126', '_DESC_126', '', '_HOWTOREPAIR_126', '', '', '', ''),
(127, 'object', '2', 1, '', '_NAME_127', '_ERR_127', '_DESC_127', '', '', '', '_QUESTION_127', '_DECISIONPASS_127', '_DECISIONFAIL_127'),
(128, 'object', '2', 1, '', '_NAME_128', '_ERR_128', '_DESC_128', '', '', '', '_QUESTION_128', '_DECISIONPASS_128', '_DECISIONFAIL_128'),
(129, 'object', '2', 1, '', '_NAME_129', '_ERR_129', '_DESC_129', '', '', '', '_QUESTION_129', '_DECISIONPASS_129', '_DECISIONFAIL_129'),
(131, 'body', '2', 1, '', '_NAME_131', '_ERR_131', '_DESC_131', '_RATIONALE_131', '', '', '_QUESTION_131', '_DECISIONPASS_131', '_DECISIONFAIL_131'),
(132, 'img', '2', 6, '_NOTE_132', '_NAME_132', '_ERR_132', '_DESC_132', '_RATIONALE_132', '', '', '_QUESTION_132', '_DECISIONPASS_132', '_DECISIONFAIL_132'),
(133, 'table', '2', 1, '', '_NAME_133', '_ERR_133', '_DESC_133', '', '', '', '_QUESTION_133', '_DECISIONPASS_133', '_DECISIONFAIL_133'),
(134, 'a', '0', 2, '', '_NAME_134', '_ERR_134', '_DESC_134', '', '_HOWTOREPAIR_134', '_REPAIREXAMPLE_134', '', '', ''),
(135, 'img', '2', 3, '_NOTE_135', '_NAME_135', '_ERR_135', '_DESC_135', '', '', '', '_QUESTION_135', '_DECISIONPASS_135', '_DECISIONFAIL_135'),
(136, 'table', '2', 3, '', '_NAME_136', '_ERR_136', '_DESC_136', '', '', '', '_QUESTION_136', '_DECISIONPASS_136', '_DECISIONFAIL_136'),
(137, 'table', '2', 3, '', '_NAME_137', '_ERR_137', '_DESC_137', '', '', '', '_QUESTION_137', '_DECISIONPASS_137', '_DECISIONFAIL_137'),
(138, 'input', '0', 6, '_NOTE_138', '_NAME_138', '_ERR_138', '_DESC_138', '', '_HOWTOREPAIR_138', '', '', '', ''),
(139, 'input', '0', 6, '_NOTE_139', '_NAME_139', '_ERR_139', '_DESC_139', '', '_HOWTOREPAIR_139', '', '', '', ''),
(140, 'input', '0', 6, '_NOTE_140', '_NAME_140', '_ERR_140', '_DESC_140', '', '_HOWTOREPAIR_140', '', '', '', ''),
(141, 'input', '0', 6, '_NOTE_141', '_NAME_141', '_ERR_141', '_DESC_141', '', '_HOWTOREPAIR_141', '', '', '', ''),
(142, 'input', '0', 6, '_NOTE_142', '_NAME_142', '_ERR_142', '_DESC_142', '', '_HOWTOREPAIR_142', '', '', '', ''),
(143, 'html', '0', 6, '_NOTE_143', '_NAME_143', '_ERR_143', '_DESC_143', '', '_HOWTOREPAIR_143', '', '', '', ''),
(144, 'address', '2', 6, '_NOTE_144', '_NAME_144', '_ERR_144', '_DESC_144', '', '', '', '_QUESTION_144', '_DECISIONPASS_144', '_DECISIONFAIL_144'),
(145, 'a', '1', 1, '', '_NAME_145', '_ERR_145', '_DESC_145', '', '', '', '_QUESTION_145', '_DECISIONPASS_145', '_DECISIONFAIL_145'),
(146, 'object', '2', 1, '', '_NAME_146', '_ERR_146', '_DESC_146', '', '', '', '_QUESTION_146', '_DECISIONPASS_146', '_DECISIONFAIL_146'),
(147, 'head', '2', 1, '', '_NAME_147', '_ERR_147', '_DESC_147', '', '', '', '_QUESTION_147', '_DECISIONPASS_147', '_DECISIONFAIL_147'),
(148, 'head', '2', 1, '', '_NAME_148', '_ERR_148', '_DESC_148', '', '', '', '_QUESTION_148', '_DECISIONPASS_148', '_DECISIONFAIL_148'),
(149, 'ol', '1', 4, '', '_NAME_149', '_ERR_149', '_DESC_149', '', '', '', '_QUESTION_149', '_DECISIONPASS_149', '_DECISIONFAIL_149'),
(150, 'ol', '1', 1, '', '_NAME_150', '_ERR_150', '_DESC_150', '', '', '', '_QUESTION_150', '_DECISIONPASS_150', '_DECISIONFAIL_150'),
(151, 'table', '2', 3, '', '_NAME_151', '_ERR_151', '_DESC_151', '', '', '', '_QUESTION_151', '_DECISIONPASS_151', '_DECISIONFAIL_151'),
(152, 'th', '0', 1, '', '_NAME_152', '_ERR_152', '_DESC_152', '', '_HOWTOREPAIR_152', '', '', '', ''),
(153, 'th', '0', 1, '', '_NAME_153', '_ERR_153', '_DESC_153', '', '_HOWTOREPAIR_153', '', '', '', ''),
(154, 'pre', '2', 1, '', '_NAME_154', '_ERR_154', '_DESC_154', '', '', '', '_QUESTION_154', '_DECISIONPASS_154', '_DECISIONFAIL_154'),
(155, 'a', '0', 1, '', '_NAME_155', '_ERR_155', '_DESC_155', '', '_HOWTOREPAIR_155', '', '', '', ''),
(156, 'ol', '0', 1, '', '_NAME_156', '_ERR_156', '_DESC_156', '', '_HOWTOREPAIR_156', '', '', '', ''),
(157, 'ol', '2', 1, '', '_NAME_157', '_ERR_157', '_DESC_157', '', '', '', '_QUESTION_157', '_DECISIONPASS_157', '_DECISIONFAIL_157'),
(158, 'ol', '2', 1, '', '_NAME_158', '_ERR_158', '_DESC_158', '', '', '', '_QUESTION_158', '_DECISIONPASS_158', '_DECISIONFAIL_158'),
(159, 'img', '0', 6, '_NOTE_159', '_NAME_159', '_ERR_159', '_DESC_159', '', '_HOWTOREPAIR_159', '', '', '', ''),
(160, 'object', '2', 1, '', '_NAME_160', '_ERR_160', '_DESC_160', '', '', '', '_QUESTION_160', '_DECISIONPASS_160', '_DECISIONFAIL_160'),
(161, 'body', '0', 1, '', '_NAME_161', '_ERR_161', '_DESC_161', '', '_HOWTOREPAIR_161', '', '', '', ''),
(162, 'body', '0', 1, '', '_NAME_162', '_ERR_162', '_DESC_162', '', '_HOWTOREPAIR_162', '_REPAIREXAMPLE_162', '', '', ''),
(163, 'embed', '0', 1, '', '_NAME_163', '_ERR_163', '_DESC_163', '', '_HOWTOREPAIR_163', '_REPAIREXAMPLE_163', '', '', ''),
(164, 'noembed', '2', 1, '', '_NAME_164', '_ERR_164', '_DESC_164', '', '', '', '_QUESTION_164', '_DECISIONPASS_164', '_DECISIONFAIL_164'),
(165, 'embed', '0', 1, '', '_NAME_165', '_ERR_165', '_DESC_165', '', '_HOWTOREPAIR_165', '', '', '', ''),
(166, 'embed', '0', 1, '', '_NAME_166', '_ERR_166', '_DESC_166', '', '_HOWTOREPAIR_166', '', '', '', ''),
(167, 'iframe', '0', 1, '', '_NAME_167', '_ERR_167', '_DESC_167', '', '_HOWTOREPAIR_167', '', '', '', ''),
(168, 'form', '0', 4, '', '_NAME_168', '_ERR_168', '_DESC_168', '', '_HOWTOREPAIR_168', '', '', '', ''),
(169, 'select', '1', 3, '', '_NAME_169', '_ERR_169', '_DESC_169', '', '', '', '_QUESTION_169', '_DECISIONPASS_169', '_DECISIONFAIL_169'),
(173, 'a', '1', 1, '', '_NAME_173', '_ERR_173', '_DESC_173', '', '', '', '_QUESTION_173', '_DECISIONPASS_173', '_DECISIONFAIL_173'),
(174, 'a', '0', 5, '', '_NAME_174', '_ERR_174', '_DESC_174', '', '_HOWTOREPAIR_174', '', '', '', ''),
(175, 'a', '0', 5, '', '_NAME_175', '_ERR_175', '_DESC_175', '', '_HOWTOREPAIR_175', '', '', '', ''),
(176, 'basefont', '0', 1, '', '_NAME_176', '_ERR_176', '_DESC_176', '', '_HOWTOREPAIR_176', '', '', '', ''),
(177, 'font', '0', 1, '', '_NAME_177', '_ERR_177', '_DESC_177', '', '_HOWTOREPAIR_177', '', '', '', ''),
(178, 'img', '2', 5, '', '_NAME_178', '_ERR_178', '_DESC_178', '', '', '', '_QUESTION_178', '_DECISIONPASS_178', '_DECISIONFAIL_178'),
(179, 'body', '2', 1, '', '_NAME_179', '_ERR_179', '_DESC_179', '', '', '', '_QUESTION_179', '_DECISIONPASS_179', '_DECISIONFAIL_179'),
(180, 'a', '0', 1, '', '_NAME_180', '_ERR_180', '_DESC_180', '', '_HOWTOREPAIR_180', '_REPAIREXAMPLE_180', '', '', ''),
(181, 'a', '0', 1, '', '_NAME_181', '_ERR_181', '_DESC_181', '', '_HOWTOREPAIR_181', '', '', '', ''),
(182, 'body', '0', 1, '', '_NAME_182', '_ERR_182', '_DESC_182', '', '_HOWTOREPAIR_182', '', '', '', ''),
(183, 'object', '0', 1, '', '_NAME_183', '_ERR_183', '_DESC_183', '', '_HOWTOREPAIR_183', '', '', '', ''),
(184, 'body', '2', 1, '', '_NAME_184', '_ERR_184', '_DESC_184', '', '', '', '_QUESTION_184', '_DECISIONPASS_184', '_DECISIONFAIL_184'),
(185, 'body', '0', 1, '', '_NAME_185', '_ERR_185', '_DESC_185', '', '_HOWTOREPAIR_185', '', '', '', ''),
(186, 'label', '0', 3, '', '_NAME_186', '_ERR_186', '_DESC_186', '', '_HOWTOREPAIR_186', '_REPAIREXAMPLE_186', '', '', ''),
(187, 'input', '0', 3, '', '_NAME_187', '_ERR_187', '_DESC_187', '', '_HOWTOREPAIR_187', '', '', '', ''),
(188, 'input', '0', 3, '', '_NAME_188', '_ERR_188', '_DESC_188', '', '_HOWTOREPAIR_188', '', '', '', ''),
(189, 'input', '2', 3, '', '_NAME_189', '_ERR_189', '_DESC_189', '', '', '', '_QUESTION_189', '_DECISIONPASS_189', '_DECISIONFAIL_189'),
(190, 'a', '0', 2, '', '_NAME_190', '_ERR_190', '_DESC_190', '', '_HOWTOREPAIR_190', '_REPAIREXAMPLE_190', '', '', ''),
(191, 'a', '2', 2, '', '_NAME_191', '_ERR_191', '_DESC_191', '', '', '', '_QUESTION_191', '_DECISIONPASS_191', '_DECISIONFAIL_191'),
(192, 'input', '0', 7, '', '_NAME_192', '_ERR_192', '_DESC_192', '', '_HOWTOREPAIR_192', '', '', '', ''),
(193, 'input', '2', 5, '', '_NAME_193', '_ERR_193', '_DESC_193', '', '', '', '_QUESTION_193', '_DECISIONPASS_193', '_DECISIONFAIL_193'),
(194, 'area', '2', 5, '', '_NAME_194', '_ERR_194', '_DESC_194', '', '', '', '_QUESTION_194', '_DECISIONPASS_194', '_DECISIONFAIL_194'),
(195, 'img', '0', 7, '', '_NAME_195', '_ERR_195', '_DESC_195', '', '_HOWTOREPAIR_195', '', '', '', ''),
(196, 'img', '2', 3, '', '_NAME_196', '_ERR_196', '_DESC_196', '', '', '', '_QUESTION_196', '_DECISIONPASS_196', '_DECISIONFAIL_196'),
(197, 'a', '2', 5, '', '_NAME_197', '_ERR_197', '_DESC_197', '', '', '', '_QUESTION_197', '_DECISIONPASS_197', '_DECISIONFAIL_197'),
(198, 'legend', '2', 4, '', '_NAME_198', '_ERR_198', '_DESC_198', '', '', '', '_QUESTION_198', '_DECISIONPASS_198', '_DECISIONFAIL_198'),
(199, 'legend', '0', 4, '', '_NAME_199', '_ERR_199', '_DESC_199', '', '_HOWTOREPAIR_199', '', '', '', ''),
(200, 'legend', '1', 4, '', '_NAME_200', '_ERR_200', '_DESC_200', '', '', '', '_QUESTION_200', '_DECISIONPASS_200', '_DECISIONFAIL_200'),
(201, 'frame', '0', 4, '', '_NAME_201', '_ERR_201', '_DESC_201', '', '_HOWTOREPAIR_201', '', '', '', ''),
(202, 'frame', '2', 4, '', '_NAME_202', '_ERR_202', '_DESC_202', '', '', '', '_QUESTION_202', '_DECISIONPASS_202', '_DECISIONFAIL_202'),
(203, 'table', '2', 3, '', '_NAME_203', '_ERR_203', '_DESC_203', '', '', '', '_QUESTION_203', '_DECISIONPASS_203', '_DECISIONFAIL_203'),
(204, 'input', '0', 3, '', '_NAME_204', '_ERR_204', '_DESC_204', '', '_HOWTOREPAIR_204', '', '', '', ''),
(205, 'input', '2', 3, '', '_NAME_205', '_ERR_205', '', '', '', '', '_QUESTION_205', '_DECISIONPASS_205', '_DECISIONFAIL_205'),
(206, 'input', '0', 3, '', '_NAME_206', '_ERR_206', '_DESC_206', '', '_HOWTOREPAIR_206', '', '', '', ''),
(207, 'input', '0', 3, '', '_NAME_207', '_ERR_207', '_DESC_207', '', '_HOWTOREPAIR_207', '', '', '', ''),
(208, 'select', '0', 3, '', '_NAME_208', '_ERR_208', '_DESC_208', '', '_HOWTOREPAIR_208', '', '', '', ''),
(209, 'select', '1', 1, '', '_NAME_209', '_ERR_209', '', '', '', '', '_QUESTION_209', '_DECISIONPASS_209', '_DECISIONFAIL_209'),
(210, 'select', '2', 1, '', '_NAME_210', '_ERR_210', '', '', '', '', '_QUESTION_210', '_DECISIONPASS_210', '_DECISIONFAIL_210'),
(211, 'input', '2', 1, '', '_NAME_211', '_ERR_211', '_DESC_211', '', '', '', '_QUESTION_211', '_DECISIONPASS_211', '_DECISIONFAIL_211'),
(212, 'textarea', '0', 3, '', '_NAME_212', '_ERR_212', '_DESC_212', '', '_HOWTOREPAIR_212', '', '', '', ''),
(213, 'input', '0', 3, '', '_NAME_213', '_ERR_213', '_DESC_213', '', '_HOWTOREPAIR_213', '', '', '', ''),
(214, 'textarea', '2', 3, '', '_NAME_214', '_ERR_214', '', '', '', '', '_QUESTION_214', '_DECISIONPASS_214', '_DECISIONFAIL_214'),
(216, 'input', '0', 3, '', '_NAME_216', '_ERR_216', '_DESC_216', '', '_HOWTOREPAIR_216', '', '', '', ''),
(217, 'input', '2', 3, '', '_NAME_217', '_ERR_217', '', '', '', '', '_QUESTION_217', '_DECISIONPASS_217', '_DECISIONFAIL_217'),
(218, 'input', '2', 3, '', '_NAME_218', '_ERR_218', '', '', '', '', '_QUESTION_218', '_DECISIONPASS_218', '_DECISIONFAIL_218'),
(219, 'input', '2', 3, '', '_NAME_219', '_ERR_219', '', '', '', '', '_QUESTION_219', '_DECISIONPASS_219', '_DECISIONFAIL_219'),
(220, 'input', '2', 3, '', '_NAME_220', '_ERR_220', '', '', '', '', '_QUESTION_220', '_DECISIONPASS_220', '_DECISIONFAIL_220'),
(221, 'body', '0', 1, '', '_NAME_221', '_ERR_221', '_DESC_221', '', '_HOWTOREPAIR_221', '_REPAIREXAMPLE_221', '', '', ''),
(222, 'body', '0', 1, '', '_NAME_222', '_ERR_222', '_DESC_222', '', '_HOWTOREPAIR_222', '_REPAIREXAMPLE_222', '', '', ''),
(223, 'body', '0', 1, '', '_NAME_223', '_ERR_223', '_DESC_223', '', '_HOWTOREPAIR_223', '_REPAIREXAMPLE_223', '', '', ''),
(224, 'body', '0', 1, '', '_NAME_224', '_ERR_224', '_DESC_224', '', '_HOWTOREPAIR_224', '_REPAIREXAMPLE_224', '', '', ''),
(225, 'html', '0', 1, '', '_NAME_225', '_ERR_225', '_DESC_225', '', '_HOWTOREPAIR_225', '_REPAIREXAMPLE_225', '', '', ''),
(226, 'body', '0', 1, '', '_NAME_226', '_ERR_226', '_DESC_226', '', '_HOWTOREPAIR_226', '_REPAIREXAMPLE_226', '', '', ''),
(227, 'body', '0', 1, '', '_NAME_227', '_ERR_227', '_DESC_227', '', '_HOWTOREPAIR_227', '_REPAIREXAMPLE_227', '', '', ''),
(228, 'body', '0', 1, '', '_NAME_228', '_ERR_228', '_DESC_228', '', '_HOWTOREPAIR_228', '_REPAIREXAMPLE_228', '', '', ''),
(229, 'body', '0', 1, '', '_NAME_229', '_ERR_229', '_DESC_229', '', '_HOWTOREPAIR_229', '_REPAIREXAMPLE_229', '', '', ''),
(230, 'table', '2', 1, '', '_NAME_230', '_ERR_230', '_DESC_230', '', '', '', '_QUESTION_230', '_DECISIONPASS_230', '_DECISIONFAIL_230'),
(231, 'table', '2', 1, '', '_NAME_231', '_ERR_231', '_DESC_231', '', '', '', '_QUESTION_231', '_DECISIONPASS_231', '_DECISIONFAIL_231'),
(232, 'html', '0', 1, '', '_NAME_232', '_ERR_232', '_DESC_232', '', '_HOWTOREPAIR_232', '', '', '', ''),
(233, 'frameset', '0', 1, '', '_NAME_233', '_ERR_233', '_DESC_233', '', '_HOWTOREPAIR_233', '', '', '', ''),
(234, 'frame', '0', 1, '', '_NAME_234', '_ERR_234', '_DESC_234', '', '_HOWTOREPAIR_234', '', '', '', ''),
(235, 'body', '2', 1, '', '_NAME_235', '_ERR_235', '_DESC_235', '', '', '', '_QUESTION_235', '_DECISIONPASS_235', '_DECISIONFAIL_235'),
(236, 'img', '0', 1, '', '_NAME_236', '_ERR_236', '_DESC_236', '', '_HOWTOREPAIR_236', '_REPAIREXAMPLE_236', '', '', ''),
(237, 'html', '0', 1, '', '_NAME_237', '_ERR_237', '_DESC_237', '', '_HOWTOREPAIR_237', '', '', '', ''),
(238, 'input', '0', 1, '', '_NAME_238', '_ERR_238', '_DESC_238', '', '_HOWTOREPAIR_238', '', '', '', ''),
(239, 'img', '2', 5, '', '_NAME_239', '_ERR_239', '_DESC_239', '', '', '', '_QUESTION_239', '_DECISIONPASS_239', '_DECISIONFAIL_239'),
(240, 'a', '2', 5, '', '_NAME_240', '_ERR_240', '_DESC_240', '', '', '', '_QUESTION_240', '_DECISIONPASS_240', '_DECISIONFAIL_240'),
(241, 'body', '2', 5, '', '_NAME_241', '_ERR_241', '_DESC_241', '', '', '', '_QUESTION_241', '_DECISIONPASS_241', '_DECISIONFAIL_241'),
(242, 'caption', '2', 1, '', '_NAME_242', '_ERR_242', '_DESC_242', '', '', '', '_QUESTION_242', '_DECISIONPASS_242', '_DECISIONFAIL_242'),
(243, 'table', '0', 1, '', '_NAME_243', '_ERR_243', '_DESC_243', '', '_HOWTOREPAIR_243', '', '', '', ''),
(244, 'table', '0', 3, '', '_NAME_244', '_ERR_244', '_DESC_244', '', '_HOWTOREPAIR_244', '', '', '', ''),
(245, 'table', '0', 1, '', '_NAME_245', '_ERR_245', '_DESC_245', '', '_HOWTOREPAIR_245', '', '', '', ''),
(246, 'form', '2', 1, '', '_NAME_246', '_ERR_246', '_DESC_246', '', '', '', '_QUESTION_246', '_DECISIONPASS_246', '_DECISIONFAIL_246'),
(247, 'form', '0', 1, '', '_NAME_247', '_ERR_247', '_DESC_247', '', '_HOWTOREPAIR_247', '', '', '', ''),
(248, 'body', '2', 1, '', '_NAME_248', '_ERR_248', '_DESC_248', '', '', '', '_QUESTION_248', '_DECISIONPASS_248', '_DECISIONFAIL_248'),
(249, 'body', '2', 1, '', '_NAME_249', '_ERR_249', '_DESC_249', '', '', '', '_QUESTION_249', '_DECISIONPASS_249', '_DECISIONFAIL_249'),
(250, 'body', '2', 1, '', '_NAME_250', '_ERR_250', '_DESC_250', '', '', '', '_QUESTION_250', '_DECISIONPASS_250', '_DECISIONFAIL_250'),
(251, 'img', '2', 1, '', '_NAME_251', '_ERR_251', '_DESC_251', '', '', '', '_QUESTION_251', '_DECISIONPASS_251', '_DECISIONFAIL_251'),
(252, 'body', '0', 1, '', '_NAME_252', '_ERR_252', '_DESC_252', '', '_HOWTOREPAIR_252', '_REPAIREXAMPLE_252', '', '', ''),
(253, 'img', '2', 1, '', '_NAME_253', '_ERR_253', '_DESC_253', '', '', '', '_QUESTION_253', '_DECISIONPASS_253', '_DECISIONFAIL_253'),
(254, 'body', '0', 1, '', '_NAME_254', '_ERR_254', '_DESC_254', '', '_HOWTOREPAIR_254', '_REPAIREXAMPLE_254', '', '', ''),
(255, 'body', '0', 1, '', '_NAME_255', '_ERR_255', '_DESC_255', '', '_HOWTOREPAIR_255', '_REPAIREXAMPLE_255', '', '', ''),
(256, 'body', '0', 1, '', '_NAME_256', '_ERR_256', '_DESC_256', '', '_HOWTOREPAIR_256', '_REPAIREXAMPLE_256', '', '', ''),
(257, 'body', '0', 1, '', '_NAME_257', '_ERR_257', '_DESC_257', '', '_HOWTOREPAIR_257', '_REPAIREXAMPLE_257', '', '', ''),
(258, 'applet', '2', 1, '', '_NAME_258', '_ERR_258', '_DESC_258', '', '', '', '_QUESTION_258', '_DECISIONPASS_258', '_DECISIONFAIL_258'),
(259, 'object', '2', 1, '', '_NAME_259', '_ERR_259', '_DESC_259', '', '', '', '_QUESTION_259', '_DECISIONPASS_259', '_DECISIONFAIL_259'),
(260, 'embed', '2', 1, '', '_NAME_260', '_ERR_260', '_DESC_260', '', '', '', '_QUESTION_260', '_DECISIONPASS_260', '_DECISIONFAIL_260'),
(261, 'body', '2', 1, '', '_NAME_261', '_ERR_261', '_DESC_261', '', '', '', '_QUESTION_261', '_DECISIONPASS_261', '_DECISIONFAIL_261'),
(262, 'body', '2', 1, '', '_NAME_262', '_ERR_262', '_DESC_262', '', '', '', '_QUESTION_262', '_DECISIONPASS_262', '_DECISIONFAIL_262'),
(263, 'frameset', '2', 1, '', '_NAME_263', '_ERR_263', '_DESC_263', '', '', '', '_QUESTION_263', '_DECISIONPASS_263', '_DECISIONFAIL_263'),
(264, 'input', '0', 6, '_NOTE_264', '_NAME_264', '_ERR_264', '_DESC_264', '', '_HOWTOREPAIR_264', '', '', '', ''),
(265, 'form', '2', 1, '', '_NAME_265', '_ERR_265', '_DESC_265', '', '', '', '_QUESTION_265', '_DECISIONPASS_265', '_DECISIONFAIL_265'),
(266, 'body', '2', 1, '', '_NAME_266', '_ERR_266', '_DESC_266', '', '', '', '_QUESTION_266', '_DECISIONPASS_266', '_DECISIONFAIL_266'),
(267, 'form', '2', 3, '', '_NAME_267', '_ERR_267', '_DESC_267', '', '', '', '_QUESTION_267', '_DECISIONPASS_267', '_DECISIONFAIL_267'),
(268, 'form', '2', 3, '', '_NAME_268', '_ERR_268', '_DESC_268', '', '', '', '_QUESTION_268', '_DECISIONPASS_268', '_DECISIONFAIL_268'),
(269, 'form', '2', 3, '', '_NAME_269', '_ERR_269', '_DESC_269', '', '', '', '_QUESTION_269', '_DECISIONPASS_269', '_DECISIONFAIL_269'),
(270, 'body', '2', 3, '', '_NAME_270', '_ERR_270', '_DESC_270', '', '', '', '_QUESTION_270', '_DECISIONPASS_270', '_DECISIONFAIL_270'),
(271, 'body', '2', 3, '', '_NAME_271', '_ERR_271', '_DESC_271', '', '', '', '_QUESTION_271', '_DECISIONPASS_271', '_DECISIONFAIL_271'),
(272, 'form', '2', 3, '', '_NAME_272', '_ERR_272', '_DESC_272', '', '', '', '_QUESTION_272', '_DECISIONPASS_272', '_DECISIONFAIL_272'),
(273, 'html', '0', 3, '', '_NAME_273', '_ERR_273', '_DESC_273', '', '_HOWTOREPAIR_273', '_REPAIREXAMPLE_273', '', '', ''),
(274, 'all elements', '2', 3, '', '_NAME_274', '_ERR_274', '_DESC_274', '', '', '', '_QUESTION_274', '_DECISIONPASS_274', '_DECISIONFAIL_274'),
(275, 'body', '2', 3, '', '_NAME_275', '_ERR_275', '_DESC_275', '', '', '', '_QUESTION_275', '_DECISIONPASS_275', '_DECISIONFAIL_275'),
(276, 'body', '2', 3, '', '_NAME_276', '_ERR_276', '_DESC_276', '', '', '', '_QUESTION_276', '_DECISIONPASS_276', '_DECISIONFAIL_276');

-- Table structure for table `check_prerequisites`

CREATE TABLE `check_prerequisites` (
  `check_id` mediumint(8) unsigned NOT NULL,
  `prerequisite_check_id` mediumint(8) unsigned NOT NULL,
  PRIMARY KEY  (`check_id`,`prerequisite_check_id`)
) ENGINE=MyISAM DEFAULT CHARSET=utf8;

-- Dumping data for table `check_prerequisites`

INSERT INTO `check_prerequisites` (`check_id`, `prerequisite_check_id`) VALUES
(2, 1),
(3, 1),
(4, 1),
(5, 1),
(6, 1),
(7, 1),
(8, 1),
(11, 1),
(15, 1),
(16, 1),
(32, 31),
(49, 48),
(53, 51),
(54, 51),
(59, 58),
(60, 58),
(61, 58),
(62, 58),
(65, 64),
(79, 78),
(112, 111),
(113, 111),
(113, 112),
(153, 152),
(157, 156),
(158, 156),
(166, 165),
(169, 91),
(178, 1),
(189, 188),
(191, 190),
(192, 58),
(193, 58),
(194, 64),
(197, 174),
(201, 31),
(203, 111),
(205, 216),
(208, 91),
(209, 91),
(210, 91),
(212, 95),
(213, 57),
(214, 212),
(217, 206),
(218, 213),
(219, 206),
(220, 204),
(240, 145),
(273, 49);

-- Table structure for table `color_mapping`

CREATE TABLE `color_mapping` (
  `color_name` varchar(50) NOT NULL default '',
  `color_code` varchar(6) default NULL,
  PRIMARY KEY  (`color_name`)
) ENGINE=MyISAM DEFAULT CHARSET=utf8;

-- Dumping data for table `color_mapping`

INSERT INTO `color_mapping` (`color_name`, `color_code`) VALUES
('aliceblue', 'F0F8FF'),
('antiquewhite', 'FAEBD7'),
('aqua', '00FFFF'),
('aquamarine', '7FFFD4'),
('azure', 'F0FFFF'),
('beige', 'F5F5DC'),
('bisque', 'FFE4C4'),
('black', '000000'),
('blanchedalmond', 'FFEBCD'),
('blue', '0000FF'),
('blueviolet', '8A2BE2'),
('brown', 'A52A2A'),
('burlywood', 'DEB887'),
('cadetblue', '5F9EA0'),
('chartreuse', '7FFF00'),
('chocolate', 'D2691E'),
('coral', 'FF7F50'),
('cornflowerblue', '6495ED'),
('cornsilk', 'FFF8DC'),
('crimson', 'DC143C'),
('cyan', '00FFFF'),
('darkblue', '00008B'),
('darkcyan', '008B8B'),
('darkgoldenrod', 'B8860B'),
('darkgray', 'A9A9A9'),
('darkgreen', '006400'),
('darkkhaki', 'BDB76B'),
('darkmagenta', '8B008B'),
('darkolivegreen', '556B2F'),
('darkorange', 'FF8C00'),
('darkorchid', '9932CC'),
('darkred', '8B0000'),
('darksalmon', 'E9967A'),
('darkseagreen', '8FBC8F'),
('darkslateblue', '483D8B'),
('darkslategray', '2F4F4F'),
('darkturquoise', '00CED1'),
('darkviolet', '9400D3'),
('deeppink', 'FF1493'),
('deepskyblue', '00BFFF'),
('dimgray', '696969'),
('dodgerblue', '1E90FF'),
('firebrick', 'B22222'),
('floralwhite', 'FFFAF0'),
('forestgreen', '228B22'),
('fuchsia', 'FF00FF'),
('gainsboro', 'DCDCDC'),
('ghostwhite', 'F8F8FF'),
('gold', 'FFD700'),
('goldenrod', 'DAA520'),
('gray', '808080'),
('green', '008000'),
('greenyellow', 'ADFF2F'),
('honeydew', 'F0FFF0'),
('hotpink', 'FF69B4'),
('indianred', 'CD5C5C'),
('indigo', '4B0082'),
('ivory', 'FFFFF0'),
('khaki', 'F0E68C'),
('lavender', 'E6E6FA'),
('lavenderblush', 'FFF0F5'),
('lawngreen', '7CFC00'),
('lemonchiffon', 'FFFACD'),
('lightblue', 'ADD8E6'),
('lightcoral', 'F08080'),
('lightcyan', 'E0FFFF'),
('lightgoldenrodyellow', 'FAFAD2'),
('lightgreen', '90EE90'),
('lightgrey', 'D3D3D3'),
('lightpink', 'FFB6C1'),
('lightsalmon', 'FFA07A'),
('lightseagreen', '20B2AA'),
('lightskyblue', '87CEFA'),
('lightslategray', '778899'),
('lightsteelblue', 'B0C4DE'),
('lightyellow', 'FFFFE0'),
('lime', '00FF00'),
('limegreen', '32CD32'),
('linen', 'FAF0E6'),
('magenta', 'FF00FF'),
('maroon', '800000'),
('mediumaquamarine', '66CDAA'),
('mediumblue', '0000CD'),
('mediumorchid', 'BA55D3'),
('mediumpurple', '9370DB'),
('mediumseagreen', '3CB371'),
('mediumslateblue', '7B68EE'),
('mediumspringgreen', '00FA9A'),
('mediumturquoise', '48D1CC'),
('mediumvioletred', 'C71585'),
('midnightblue', '191970'),
('mintcream', 'F5FFFA'),
('mistyrose', 'FFE4E1'),
('moccasin', 'FFE4B5'),
('navajowhite', 'FFDEAD'),
('navy', '000080'),
('oldlace', 'FDF5E6'),
('olive', '808000'),
('olivedrab', '6B8E23'),
('orange', 'FFA500'),
('orangered', 'FF4500'),
('orchid', 'DA70D6'),
('palegoldenrod', 'EEE8AA'),
('palegreen', '98FB98'),
('paleturquoise', 'AFEEEE'),
('palevioletred', 'DB7093'),
('papayawhip', 'FFEFD5'),
('peachpuff', 'FFDAB9'),
('peru', 'CD853F'),
('pink', 'FFC0CB'),
('plum', 'DDA0DD'),
('powderblue', 'B0E0E6'),
('purple', '800080'),
('red', 'FF0000'),
('rosybrown', 'BC8F8F'),
('royalblue', '4169E1'),
('saddlebrown', '8B4513'),
('salmon', 'FA8072'),
('sandybrown', 'F4A460'),
('seagreen', '2E8B57'),
('seashell', 'FFF5EE'),
('sienna', 'A0522D'),
('silver', 'C0C0C0'),
('skyblue', '87CEEB'),
('slateblue', '6A5ACD'),
('slategray', '708090'),
('snow', 'FFFAFA'),
('springgreen', '00FF7F'),
('steelblue', '4682B4'),
('tan', 'D2B48C'),
('teal', '008080'),
('thistle', 'D8BFD8'),
('tomato', 'FF6347'),
('turquoise', '40E0D0'),
('violet', 'EE82EE'),
('wheat', 'F5DEB3'),
('white', 'FFFFFF'),
('whitesmoke', 'F5F5F5'),
('yellow', 'FFFF00'),
('yellowgreen', '9ACD32');

-- Table structure for table `guidelines`

CREATE TABLE `guidelines` (
  `guideline_id` mediumint(8) unsigned NOT NULL auto_increment,
  `title` varchar(255) default NULL,
  `abbr` varchar(100) default NULL,
  `long_name` varchar(255) default NULL,
  `published_date` date default NULL,
  `status` text,
  `earlid` varchar(255) default NULL,
  `preamble` text,
  PRIMARY KEY  (`guideline_id`)
) ENGINE=MyISAM  DEFAULT CHARSET=utf8 AUTO_INCREMENT=10 ;

-- Dumping data for table `guidelines`

INSERT INTO `guidelines` (`guideline_id`, `title`, `abbr`, `long_name`, `published_date`, `status`, `earlid`, `preamble`) VALUES
(1, 'BITV 1.0 (Level 2)', 'BITV1', '_NAME_1', '2004-04-02', NULL, 'http://123barrierefrei.de/', NULL),
(2, 'Section 508', '508', '_NAME_2', '2004-03-12', NULL, 'http://www.access-board.gov/sec508', NULL),
(3, 'Stanca Act', 'STANCA', '_NAME_3', '2005-12-20', NULL, 'http://www.pubbliaccesso.it/index.htm', NULL),
(4, 'WCAG 1.0 (Level A)', 'WCAG1-A', '_NAME_4', '2004-03-17', NULL, 'http://www.w3.org/TR/WCAG10/#a', NULL),
(5, 'WCAG 1.0 (Level AA)', 'WCAG1-AA', '_NAME_5', '2004-05-27', NULL, 'http://www.w3.org/TR/WCAG10/#aa', NULL),
(6, 'WCAG 1.0 (Level AAA)', 'WCAG1-AAA', '_NAME_6', '2004-03-17', NULL, 'http://www.w3.org/TR/WCAG10/#aaa', NULL),
(7, 'WCAG 2.0 L1', 'WCAG2-L1', '_NAME_7', '2006-06-19', NULL, 'http://www.w3.org/TR/WCAG20/#a', NULL),
(8, 'WCAG 2.0 L2', 'WCAG2-L2', '_NAME_8', '2006-06-19', NULL, 'http://www.w3.org/TR/WCAG20/#aa', NULL),
(9, 'WCAG 2.0 L3', 'WCAG2-L3', '_NAME_9', '2006-06-19', NULL, 'http://www.w3.org/TR/WCAG20/#aaa', NULL);

-- Table structure for table `guideline_groups`

CREATE TABLE `guideline_groups` (
  `group_id` mediumint(8) unsigned NOT NULL auto_increment,
  `guideline_id` mediumint(8) unsigned default NULL,
  `name` varchar(255) default NULL,
  `abbr` varchar(100) default NULL,
  `principle` varchar(100) default NULL,
  PRIMARY KEY  (`group_id`)
) ENGINE=MyISAM  DEFAULT CHARSET=utf8 AUTO_INCREMENT=86 ;

-- Dumping data for table `guideline_groups`

INSERT INTO `guideline_groups` (`group_id`, `guideline_id`, `name`, `abbr`, `principle`) VALUES
(1, 1, '_GROUPNAME_1', 'L1', ''),
(2, 1, '_GROUPNAME_2', 'L2', ''),
(3, 2, '_GROUPNAME_3', 'P. A', ''),
(4, 2, '_GROUPNAME_4', 'P. B', ''),
(5, 2, '_GROUPNAME_5', 'P. C', ''),
(6, 2, '_GROUPNAME_6', 'P. D', ''),
(7, 2, '_GROUPNAME_7', 'P. E', ''),
(8, 2, '_GROUPNAME_8', 'P. F', ''),
(9, 2, '_GROUPNAME_9', 'P. G', ''),
(10, 2, '_GROUPNAME_10', 'P. H', ''),
(11, 2, '_GROUPNAME_11', 'P. I', ''),
(12, 2, '_GROUPNAME_12', 'P. J', ''),
(13, 2, '_GROUPNAME_13', 'P. K', ''),
(14, 2, '_GROUPNAME_14', 'P. L', ''),
(15, 2, '_GROUPNAME_15', 'P. M', ''),
(16, 2, '_GROUPNAME_16', 'P. N', ''),
(17, 2, '_GROUPNAME_17', 'P. O', ''),
(18, 2, '_GROUPNAME_18', 'P. P', ''),
(19, 3, '_GROUPNAME_19', 'r1', ''),
(20, 3, '_GROUPNAME_20', 'r2', ''),
(21, 3, '_GROUPNAME_21', 'r3', ''),
(22, 3, '_GROUPNAME_22', 'r4', ''),
(23, 3, '_GROUPNAME_23', 'r5', ''),
(24, 3, '_GROUPNAME_24', 'r6', ''),
(25, 3, '_GROUPNAME_25', 'r7', ''),
(26, 3, '_GROUPNAME_26', 'r8', ''),
(27, 3, '_GROUPNAME_27', 'r9', ''),
(28, 3, '_GROUPNAME_28', 'r10', ''),
(29, 3, '_GROUPNAME_29', 'r11', ''),
(30, 3, '_GROUPNAME_30', 'r12', ''),
(31, 3, '_GROUPNAME_31', 'r13', ''),
(32, 3, '_GROUPNAME_32', 'r14', ''),
(33, 3, '_GROUPNAME_33', 'r15', ''),
(34, 3, '_GROUPNAME_34', 'r16', ''),
(35, 3, '_GROUPNAME_35', 'r17', ''),
(36, 3, '_GROUPNAME_36', 'r18', ''),
(37, 3, '_GROUPNAME_37', 'r19', ''),
(38, 3, '_GROUPNAME_38', 'r20', ''),
(39, 3, '_GROUPNAME_39', 'r21', ''),
(40, 3, '_GROUPNAME_40', 'r22', ''),
(41, 4, '_GROUPNAME_41', 'A', ''),
(42, 5, '_GROUPNAME_42', 'A', ''),
(43, 5, '_GROUPNAME_43', 'A', ''),
(44, 6, '_GROUPNAME_44', 'A', ''),
(45, 6, '_GROUPNAME_45', 'AA', ''),
(46, 6, '_GROUPNAME_46', 'AAA', ''),
(47, 7, '_GROUPNAME_47', '', 'Preceivable'),
(48, 7, '_GROUPNAME_48', '', 'Preceivable'),
(49, 7, '_GROUPNAME_49', '', 'Preceivable'),
(50, 7, '_GROUPNAME_50', '', 'Preceivable'),
(51, 7, '_GROUPNAME_51', '', 'Operable'),
(52, 7, '_GROUPNAME_52', '', 'Operable'),
(53, 7, '_GROUPNAME_53', '', 'Operable'),
(54, 7, '_GROUPNAME_54', '', 'Operable'),
(55, 7, '_GROUPNAME_55', '', 'Operable'),
(56, 7, '_GROUPNAME_56', '', 'Understandable'),
(57, 7, '_GROUPNAME_57', '', 'Understandable'),
(58, 7, '_GROUPNAME_58', '', 'Robust'),
(59, 7, '_GROUPNAME_59', '', 'Robust'),
(60, 8, '_GROUPNAME_60', '', 'Preceivable'),
(61, 8, '_GROUPNAME_61', '', 'Preceivable'),
(62, 8, '_GROUPNAME_62', '', 'Preceivable'),
(63, 8, '_GROUPNAME_63', '', 'Preceivable'),
(64, 8, '_GROUPNAME_64', '', 'Operable'),
(65, 8, '_GROUPNAME_65', '', 'Operable'),
(66, 8, '_GROUPNAME_66', '', 'Operable'),
(67, 8, '_GROUPNAME_67', '', 'Operable'),
(68, 8, '_GROUPNAME_68', '', 'Operable'),
(69, 8, '_GROUPNAME_69', '', 'Understandable'),
(70, 8, '_GROUPNAME_70', '', 'Understandable'),
(71, 8, '_GROUPNAME_71', '', 'Robust'),
(72, 8, '_GROUPNAME_72', '', 'Robust'),
(73, 9, '_GROUPNAME_73', '', 'Preceivable'),
(74, 9, '_GROUPNAME_74', '', 'Preceivable'),
(75, 9, '_GROUPNAME_75', '', 'Preceivable'),
(76, 9, '_GROUPNAME_76', '', 'Preceivable'),
(77, 9, '_GROUPNAME_77', '', 'Operable'),
(78, 9, '_GROUPNAME_78', '', 'Operable'),
(79, 9, '_GROUPNAME_79', '', 'Operable'),
(80, 9, '_GROUPNAME_80', '', 'Operable'),
(81, 9, '_GROUPNAME_81', '', 'Operable'),
(82, 9, '_GROUPNAME_82', '', 'Understandable'),
(83, 9, '_GROUPNAME_83', '', 'Understandable'),
(84, 9, '_GROUPNAME_84', '', 'Robust'),
(85, 9, '_GROUPNAME_85', '', 'Robust');

-- Table structure for table `guideline_subgroups`

CREATE TABLE `guideline_subgroups` (
  `subgroup_id` mediumint(8) unsigned NOT NULL auto_increment,
  `group_id` mediumint(8) unsigned default NULL,
  `name` varchar(255) default NULL,
  `abbr` varchar(100) default NULL,
  PRIMARY KEY  (`subgroup_id`)
) ENGINE=MyISAM  DEFAULT CHARSET=utf8 AUTO_INCREMENT=330 ;

-- Dumping data for table `guideline_subgroups`

INSERT INTO `guideline_subgroups` (`subgroup_id`, `group_id`, `name`, `abbr`) VALUES
(1, 1, '_SUBGROUPNAME_1', 'L1'),
(2, 1, '_SUBGROUPNAME_1', 'L1'),
(3, 1, '_SUBGROUPNAME_1', 'L1'),
(4, 1, '_SUBGROUPNAME_1', 'L1'),
(5, 1, '_SUBGROUPNAME_1', 'L1'),
(6, 1, '_SUBGROUPNAME_1', 'L1'),
(7, 1, '_SUBGROUPNAME_1', 'L1'),
(8, 1, '_SUBGROUPNAME_1', 'L1'),
(9, 1, '_SUBGROUPNAME_1', 'L1'),
(10, 1, '_SUBGROUPNAME_1', 'L1'),
(11, 1, '_SUBGROUPNAME_1', 'L1'),
(12, 1, '_SUBGROUPNAME_1', 'L1'),
(13, 1, '_SUBGROUPNAME_1', 'L1'),
(14, 1, '_SUBGROUPNAME_1', 'L1'),
(15, 1, '_SUBGROUPNAME_1', 'L1'),
(16, 1, '_SUBGROUPNAME_1', 'L1'),
(17, 1, '_SUBGROUPNAME_1', 'L1'),
(18, 1, '_SUBGROUPNAME_1', 'L1'),
(19, 1, '_SUBGROUPNAME_1', 'L1'),
(20, 1, '_SUBGROUPNAME_1', 'L1'),
(21, 1, '_SUBGROUPNAME_1', 'L1'),
(22, 1, '_SUBGROUPNAME_1', 'L1'),
(23, 1, '_SUBGROUPNAME_1', 'L1'),
(24, 1, '_SUBGROUPNAME_1', 'L1'),
(25, 1, '_SUBGROUPNAME_1', 'L1'),
(26, 1, '_SUBGROUPNAME_1', 'L1'),
(27, 1, '_SUBGROUPNAME_1', 'L1'),
(28, 1, '_SUBGROUPNAME_1', 'L1'),
(29, 1, '_SUBGROUPNAME_1', 'L1'),
(30, 1, '_SUBGROUPNAME_1', 'L1'),
(31, 1, '_SUBGROUPNAME_1', 'L1'),
(32, 1, '_SUBGROUPNAME_1', 'L1'),
(33, 1, '_SUBGROUPNAME_1', 'L1'),
(34, 1, '_SUBGROUPNAME_1', 'L1'),
(35, 1, '_SUBGROUPNAME_1', 'L1'),
(36, 1, '_SUBGROUPNAME_1', 'L1'),
(37, 1, '_SUBGROUPNAME_1', 'L1'),
(38, 1, '_SUBGROUPNAME_1', 'L1'),
(39, 1, '_SUBGROUPNAME_1', 'L1'),
(40, 1, '_SUBGROUPNAME_1', 'L1'),
(41, 1, '_SUBGROUPNAME_1', 'L1'),
(42, 1, '_SUBGROUPNAME_1', 'L1'),
(43, 1, '_SUBGROUPNAME_1', 'L1'),
(44, 1, '_SUBGROUPNAME_1', 'L1'),
(45, 2, '_SUBGROUPNAME_2', 'L2'),
(46, 2, '_SUBGROUPNAME_2', 'L2'),
(47, 2, '_SUBGROUPNAME_2', 'L2'),
(48, 2, '_SUBGROUPNAME_2', 'L2'),
(49, 2, '_SUBGROUPNAME_2', 'L2'),
(50, 2, '_SUBGROUPNAME_2', 'L2'),
(51, 2, '_SUBGROUPNAME_2', 'L2'),
(52, 2, '_SUBGROUPNAME_2', 'L2'),
(53, 2, '_SUBGROUPNAME_2', 'L2'),
(54, 2, '_SUBGROUPNAME_2', 'L2'),
(55, 2, '_SUBGROUPNAME_2', 'L2'),
(56, 2, '_SUBGROUPNAME_2', 'L2'),
(57, 2, '_SUBGROUPNAME_2', 'L2'),
(58, 2, '_SUBGROUPNAME_2', 'L2'),
(59, 2, '_SUBGROUPNAME_2', 'L2'),
(60, 2, '_SUBGROUPNAME_2', 'L2'),
(61, 2, '_SUBGROUPNAME_2', 'L2'),
(62, 3, '', ''),
(63, 4, '', ''),
(64, 5, '', ''),
(65, 6, '', ''),
(66, 7, '', ''),
(67, 8, '', ''),
(68, 9, '', ''),
(69, 10, '', ''),
(70, 11, '', ''),
(71, 12, '', ''),
(72, 13, '', ''),
(73, 14, '', ''),
(74, 15, '', ''),
(75, 16, '', ''),
(76, 17, '', ''),
(77, 18, '', ''),
(78, 19, '', ''),
(79, 20, '', ''),
(80, 21, '', ''),
(81, 22, '', ''),
(82, 23, '', ''),
(83, 24, '', ''),
(84, 25, '', ''),
(85, 26, '', ''),
(86, 27, '', ''),
(87, 28, '', ''),
(88, 29, '', ''),
(89, 30, '', ''),
(90, 31, '', ''),
(91, 32, '', ''),
(92, 33, '', ''),
(93, 34, '', ''),
(94, 35, '', ''),
(95, 36, '', ''),
(96, 37, '', ''),
(97, 38, '', ''),
(98, 39, '', ''),
(99, 40, '', ''),
(100, 41, '_SUBGROUPNAME_41', 'A'),
(101, 41, '_SUBGROUPNAME_41', 'A'),
(102, 41, '_SUBGROUPNAME_41', 'A'),
(103, 41, '_SUBGROUPNAME_41', 'A'),
(104, 41, '_SUBGROUPNAME_41', 'A'),
(105, 41, '_SUBGROUPNAME_41', 'A'),
(106, 41, '_SUBGROUPNAME_41', 'A'),
(107, 41, '_SUBGROUPNAME_41', 'A'),
(108, 41, '_SUBGROUPNAME_41', 'A'),
(109, 41, '_SUBGROUPNAME_41', 'A'),
(110, 41, '_SUBGROUPNAME_41', 'A'),
(111, 41, '_SUBGROUPNAME_41', 'A'),
(112, 41, '_SUBGROUPNAME_41', 'A'),
(113, 41, '_SUBGROUPNAME_41', 'A'),
(114, 41, '_SUBGROUPNAME_41', 'A'),
(115, 41, '_SUBGROUPNAME_41', 'A'),
(116, 41, '_SUBGROUPNAME_41', 'A'),
(117, 42, '_SUBGROUPNAME_42', 'A'),
(118, 42, '_SUBGROUPNAME_42', 'A'),
(119, 42, '_SUBGROUPNAME_42', 'A'),
(120, 42, '_SUBGROUPNAME_42', 'A'),
(121, 42, '_SUBGROUPNAME_42', 'A'),
(122, 42, '_SUBGROUPNAME_42', 'A'),
(123, 42, '_SUBGROUPNAME_42', 'A'),
(124, 42, '_SUBGROUPNAME_42', 'A'),
(125, 42, '_SUBGROUPNAME_42', 'A'),
(126, 42, '_SUBGROUPNAME_42', 'A'),
(127, 42, '_SUBGROUPNAME_42', 'A'),
(128, 42, '_SUBGROUPNAME_42', 'A'),
(129, 42, '_SUBGROUPNAME_42', 'A'),
(130, 42, '_SUBGROUPNAME_42', 'A'),
(131, 42, '_SUBGROUPNAME_42', 'A'),
(132, 42, '_SUBGROUPNAME_42', 'A'),
(133, 42, '_SUBGROUPNAME_42', 'A'),
(134, 43, '_SUBGROUPNAME_43', 'AA'),
(135, 43, '_SUBGROUPNAME_43', 'AA'),
(136, 43, '_SUBGROUPNAME_43', 'AA'),
(137, 43, '_SUBGROUPNAME_43', 'AA'),
(138, 43, '_SUBGROUPNAME_43', 'AA'),
(139, 43, '_SUBGROUPNAME_43', 'AA'),
(140, 43, '_SUBGROUPNAME_43', 'AA'),
(141, 43, '_SUBGROUPNAME_43', 'AA'),
(142, 43, '_SUBGROUPNAME_43', 'AA'),
(143, 43, '_SUBGROUPNAME_43', 'AA'),
(144, 43, '_SUBGROUPNAME_43', 'AA'),
(145, 43, '_SUBGROUPNAME_43', 'AA'),
(146, 43, '_SUBGROUPNAME_43', 'AA'),
(147, 43, '_SUBGROUPNAME_43', 'AA'),
(148, 43, '_SUBGROUPNAME_43', 'AA'),
(149, 43, '_SUBGROUPNAME_43', 'AA'),
(150, 43, '_SUBGROUPNAME_43', 'AA'),
(151, 43, '_SUBGROUPNAME_43', 'AA'),
(152, 43, '_SUBGROUPNAME_43', 'AA'),
(153, 43, '_SUBGROUPNAME_43', 'AA'),
(154, 43, '_SUBGROUPNAME_43', 'AA'),
(155, 43, '_SUBGROUPNAME_43', 'AA'),
(156, 43, '_SUBGROUPNAME_43', 'AA'),
(157, 43, '_SUBGROUPNAME_43', 'AA'),
(158, 43, '_SUBGROUPNAME_43', 'AA'),
(159, 43, '_SUBGROUPNAME_43', 'AA'),
(160, 43, '_SUBGROUPNAME_43', 'AA'),
(161, 43, '_SUBGROUPNAME_43', 'AA'),
(162, 44, '_SUBGROUPNAME_44', 'A'),
(163, 44, '_SUBGROUPNAME_44', 'A'),
(164, 44, '_SUBGROUPNAME_44', 'A'),
(165, 44, '_SUBGROUPNAME_44', 'A'),
(166, 44, '_SUBGROUPNAME_44', 'A'),
(167, 44, '_SUBGROUPNAME_44', 'A'),
(168, 44, '_SUBGROUPNAME_44', 'A'),
(169, 44, '_SUBGROUPNAME_44', 'A'),
(170, 44, '_SUBGROUPNAME_44', 'A'),
(171, 44, '_SUBGROUPNAME_44', 'A'),
(172, 44, '_SUBGROUPNAME_44', 'A'),
(173, 44, '_SUBGROUPNAME_44', 'A'),
(174, 44, '_SUBGROUPNAME_44', 'A'),
(175, 44, '_SUBGROUPNAME_44', 'A'),
(176, 44, '_SUBGROUPNAME_44', 'A'),
(177, 44, '_SUBGROUPNAME_44', 'A'),
(178, 44, '_SUBGROUPNAME_44', 'A'),
(179, 45, '_SUBGROUPNAME_45', 'AA'),
(180, 45, '_SUBGROUPNAME_45', 'AA'),
(181, 45, '_SUBGROUPNAME_45', 'AA'),
(182, 45, '_SUBGROUPNAME_45', 'AA'),
(183, 45, '_SUBGROUPNAME_45', 'AA'),
(184, 45, '_SUBGROUPNAME_45', 'AA'),
(185, 45, '_SUBGROUPNAME_45', 'AA'),
(186, 45, '_SUBGROUPNAME_45', 'AA'),
(187, 45, '_SUBGROUPNAME_45', 'AA'),
(188, 45, '_SUBGROUPNAME_45', 'AA'),
(189, 45, '_SUBGROUPNAME_45', 'AA'),
(190, 45, '_SUBGROUPNAME_45', 'AA'),
(191, 45, '_SUBGROUPNAME_45', 'AA'),
(192, 45, '_SUBGROUPNAME_45', 'AA'),
(193, 45, '_SUBGROUPNAME_45', 'AA'),
(194, 45, '_SUBGROUPNAME_45', 'AA'),
(195, 45, '_SUBGROUPNAME_45', 'AA'),
(196, 45, '_SUBGROUPNAME_45', 'AA'),
(197, 45, '_SUBGROUPNAME_45', 'AA'),
(198, 45, '_SUBGROUPNAME_45', 'AA'),
(199, 45, '_SUBGROUPNAME_45', 'AA'),
(200, 45, '_SUBGROUPNAME_45', 'AA'),
(201, 45, '_SUBGROUPNAME_45', 'AA'),
(202, 45, '_SUBGROUPNAME_45', 'AA'),
(203, 45, '_SUBGROUPNAME_45', 'AA'),
(204, 45, '_SUBGROUPNAME_45', 'AA'),
(205, 45, '_SUBGROUPNAME_45', 'AA'),
(206, 45, '_SUBGROUPNAME_45', 'AA'),
(207, 46, '_SUBGROUPNAME_46', 'AAA'),
(208, 46, '_SUBGROUPNAME_46', 'AAA'),
(209, 46, '_SUBGROUPNAME_46', 'AAA'),
(210, 46, '_SUBGROUPNAME_46', 'AAA'),
(211, 46, '_SUBGROUPNAME_46', 'AAA'),
(212, 46, '_SUBGROUPNAME_46', 'AAA'),
(213, 46, '_SUBGROUPNAME_46', 'AAA'),
(214, 46, '_SUBGROUPNAME_46', 'AAA'),
(215, 46, '_SUBGROUPNAME_46', 'AAA'),
(216, 46, '_SUBGROUPNAME_46', 'AAA'),
(217, 46, '_SUBGROUPNAME_46', 'AAA'),
(218, 46, '_SUBGROUPNAME_46', 'AAA'),
(219, 46, '_SUBGROUPNAME_46', 'AAA'),
(220, 46, '_SUBGROUPNAME_46', 'AAA'),
(221, 46, '_SUBGROUPNAME_46', 'AAA'),
(222, 46, '_SUBGROUPNAME_46', 'AAA'),
(223, 46, '_SUBGROUPNAME_46', 'AAA'),
(224, 47, '_SUBGROUPNAME_47', 'L1'),
(225, 48, '_SUBGROUPNAME_48', 'L1'),
(226, 48, '_SUBGROUPNAME_48', 'L1'),
(227, 49, '_SUBGROUPNAME_49', 'L1'),
(228, 49, '_SUBGROUPNAME_49', 'L1'),
(229, 49, '_SUBGROUPNAME_49', 'L1'),
(230, 50, '', ''),
(231, 51, '_SUBGROUPNAME_51', 'L1'),
(232, 52, '_SUBGROUPNAME_52', 'L1'),
(233, 53, '_SUBGROUPNAME_53', 'L1'),
(234, 54, '_SUBGROUPNAME_54', 'L1'),
(235, 55, '_SUBGROUPNAME_55', 'L1'),
(236, 56, '_SUBGROUPNAME_56', 'L1'),
(237, 57, '_SUBGROUPNAME_57', 'L1'),
(238, 57, '_SUBGROUPNAME_57', 'L1'),
(239, 58, '_SUBGROUPNAME_58', 'L1'),
(240, 58, '_SUBGROUPNAME_58', 'L1'),
(241, 59, '_SUBGROUPNAME_59', 'L1'),
(242, 60, '_SUBGROUPNAME_60', 'L1'),
(243, 60, '_SUBGROUPNAME_60', 'L2'),
(244, 61, '_SUBGROUPNAME_61', 'L1'),
(245, 61, '_SUBGROUPNAME_61', 'L1'),
(246, 61, '_SUBGROUPNAME_61', 'L2'),
(247, 61, '_SUBGROUPNAME_61', 'L2'),
(248, 62, '_SUBGROUPNAME_62', 'L1'),
(249, 62, '_SUBGROUPNAME_62', 'L1'),
(250, 62, '_SUBGROUPNAME_62', 'L1'),
(251, 62, '_SUBGROUPNAME_62', 'L2'),
(252, 62, '_SUBGROUPNAME_62', 'L2'),
(253, 63, '_SUBGROUPNAME_63', 'L2'),
(254, 63, '_SUBGROUPNAME_63', 'L2'),
(255, 64, '_SUBGROUPNAME_64', 'L1'),
(256, 64, '_SUBGROUPNAME_64', 'L2'),
(257, 65, '_SUBGROUPNAME_65', 'L1'),
(258, 65, '_SUBGROUPNAME_65', 'L2'),
(259, 66, '_SUBGROUPNAME_66', 'L1'),
(260, 66, '_SUBGROUPNAME_66', 'L2'),
(261, 67, '_SUBGROUPNAME_67', 'L1'),
(262, 67, '_SUBGROUPNAME_67', 'L2'),
(263, 67, '_SUBGROUPNAME_67', 'L2'),
(264, 67, '_SUBGROUPNAME_67', 'L2'),
(265, 68, '_SUBGROUPNAME_68', 'L1'),
(266, 68, '_SUBGROUPNAME_68', 'L2'),
(267, 68, '_SUBGROUPNAME_68', 'L2'),
(268, 69, '_SUBGROUPNAME_69', 'L1'),
(269, 69, '_SUBGROUPNAME_69', 'L2'),
(270, 70, '_SUBGROUPNAME_70', 'L1'),
(271, 70, '_SUBGROUPNAME_70', 'L1'),
(272, 70, '_SUBGROUPNAME_70', 'L2'),
(273, 70, '_SUBGROUPNAME_70', 'L2'),
(274, 71, '_SUBGROUPNAME_71', 'L1'),
(275, 71, '_SUBGROUPNAME_71', 'L1'),
(276, 72, '_SUBGROUPNAME_72', 'L1'),
(277, 72, '_SUBGROUPNAME_72', 'L2'),
(278, 73, '_SUBGROUPNAME_73', 'L1'),
(279, 73, '_SUBGROUPNAME_73', 'L2'),
(280, 73, '_SUBGROUPNAME_73', 'L3'),
(281, 74, '_SUBGROUPNAME_74', 'L1'),
(282, 74, '_SUBGROUPNAME_74', 'L1'),
(283, 74, '_SUBGROUPNAME_74', 'L2'),
(284, 74, '_SUBGROUPNAME_74', 'L2'),
(285, 74, '_SUBGROUPNAME_74', 'L3'),
(286, 74, '_SUBGROUPNAME_74', 'L3'),
(287, 74, '_SUBGROUPNAME_74', 'L3'),
(288, 75, '_SUBGROUPNAME_75', 'L1'),
(289, 75, '_SUBGROUPNAME_75', 'L1'),
(290, 75, '_SUBGROUPNAME_75', 'L1'),
(291, 75, '_SUBGROUPNAME_75', 'L2'),
(292, 75, '_SUBGROUPNAME_75', 'L2'),
(293, 76, '_SUBGROUPNAME_76', 'L2'),
(294, 76, '_SUBGROUPNAME_76', 'L2'),
(295, 76, '_SUBGROUPNAME_76', 'L3'),
(296, 77, '_SUBGROUPNAME_77', 'L1'),
(297, 77, '_SUBGROUPNAME_77', 'L2'),
(298, 77, '_SUBGROUPNAME_77', 'L3'),
(299, 78, '_SUBGROUPNAME_78', 'L1'),
(300, 78, '_SUBGROUPNAME_78', 'L2'),
(301, 78, '_SUBGROUPNAME_78', 'L3'),
(302, 79, '_SUBGROUPNAME_79', 'L1'),
(303, 79, '_SUBGROUPNAME_79', 'L2'),
(304, 79, '_SUBGROUPNAME_79', 'L3'),
(305, 80, '_SUBGROUPNAME_80', 'L1'),
(306, 80, '_SUBGROUPNAME_80', 'L2'),
(307, 80, '_SUBGROUPNAME_80', 'L2'),
(308, 80, '_SUBGROUPNAME_80', 'L2'),
(309, 80, '_SUBGROUPNAME_80', 'L3'),
(310, 80, '_SUBGROUPNAME_80', 'L3'),
(311, 80, '_SUBGROUPNAME_80', 'L3'),
(312, 80, '_SUBGROUPNAME_80', 'L3'),
(313, 81, '_SUBGROUPNAME_81', 'L1'),
(314, 81, '_SUBGROUPNAME_81', 'L2'),
(315, 81, '_SUBGROUPNAME_81', 'L2'),
(316, 81, '_SUBGROUPNAME_81', 'L3'),
(317, 82, '_SUBGROUPNAME_82', 'L1'),
(318, 82, '_SUBGROUPNAME_82', 'L2'),
(319, 82, '_SUBGROUPNAME_82', 'L3'),
(320, 83, '_SUBGROUPNAME_83', 'L1'),
(321, 83, '_SUBGROUPNAME_83', 'L1'),
(322, 83, '_SUBGROUPNAME_83', 'L2'),
(323, 83, '_SUBGROUPNAME_83', 'L2'),
(324, 83, '_SUBGROUPNAME_83', 'L3'),
(325, 84, '_SUBGROUPNAME_84', 'L1'),
(326, 84, '_SUBGROUPNAME_84', 'L1'),
(327, 85, '_SUBGROUPNAME_85', 'L1'),
(328, 85, '_SUBGROUPNAME_85', 'L2'),
(329, 85, '_SUBGROUPNAME_85', 'L3');

-- Table structure for table `languages`

CREATE TABLE `languages` (
  `language_code` varchar(20) NOT NULL default '',
  `char_set` varchar(80) NOT NULL default '',
  `direction` varchar(16) NOT NULL default '',
  `reg_exp` varchar(124) NOT NULL default '',
  `native_name` varchar(80) NOT NULL default '',
  `english_name` varchar(80) NOT NULL default '',
  `status` tinyint(3) unsigned NOT NULL default '0',
  PRIMARY KEY  (`language_code`,`char_set`)
) ENGINE=MyISAM DEFAULT CHARSET=utf8;

-- Dumping data for table `languages`

INSERT INTO `languages` (`language_code`, `char_set`, `direction`, `reg_exp`, `native_name`, `english_name`, `status`) VALUES
('en', 'utf-8', 'ltr', 'en([-_][[:alpha:]]{2})?|english', 'English', 'English', 3);

-- Table structure for table `lang_codes`

CREATE TABLE `lang_codes` (
  `code_3letters` varchar(3) NOT NULL default '',
  `code_2letters` varchar(2) default NULL,
  `description` varchar(50) default NULL,
  PRIMARY KEY  (`code_3letters`)
) ENGINE=MyISAM DEFAULT CHARSET=utf8;

-- Dumping data for table `lang_codes`

INSERT INTO `lang_codes` (`code_3letters`, `code_2letters`, `description`) VALUES
('aar', 'aa', 'Afar'),
('abk', 'ab', 'Abkhazian'),
('ace', '', 'Achinese'),
('ach', '', 'Acoli'),
('ada', '', 'Adangme'),
('ady', '', 'Adyghe'),
('afa', '', 'Afro-Asiatic'),
('afh', '', 'Afrihili'),
('afr', 'af', 'Afrikaans'),
('ain', '', 'Ainu'),
('aka', 'ak', 'Akan'),
('akk', '', 'Akkadian'),
('alb', 'sq', 'Albanian'),
('ale', '', 'Aleut'),
('alg', '', 'Algonquianlanguages'),
('alt', '', 'Southern'),
('amh', 'am', 'Amharic'),
('anp', '', 'Angika'),
('apa', '', 'Apachelanguages'),
('ang', '', 'English Old(ca.450-1100)'),
('ara', 'ar', 'Arabic'),
('arc', '', 'Aramaic'),
('arg', 'an', 'Aragonese'),
('arm', 'hy', 'Armenian'),
('arn', '', 'Araucanian'),
('arp', '', 'Arapaho'),
('art', '', 'Artificial(Other)'),
('arw', '', 'Arawak'),
('asm', 'as', 'Assamese'),
('ast', '', 'Asturian'),
('ath', '', 'Athapascanlanguages'),
('aus', '', 'Australianlanguages'),
('ava', 'av', 'Avaric'),
('ave', 'ae', 'Avestan'),
('awa', '', 'Awadhi'),
('aym', 'ay', 'Aymara'),
('aze', 'az', 'Azerbaijani'),
('bad', '', 'Banda'),
('bai', '', 'Bamilekelanguages'),
('bak', 'ba', 'Bashkir'),
('bal', '', 'Baluchi'),
('bam', 'bm', 'Bambara'),
('ban', '', 'Balinese'),
('baq', 'eu', 'Basque'),
('bas', '', 'Basa'),
('bat', '', 'Baltic'),
('bej', '', 'Beja'),
('bel', 'be', 'Belarusian'),
('bem', '', 'Bemba'),
('ben', 'bn', 'Bengali'),
('ber', '', 'Berber(Other)'),
('bho', '', 'Bhojpuri'),
('bih', 'bh', 'Bihari'),
('bik', '', 'Bikol'),
('bin', '', 'Bini'),
('bis', 'bi', 'Bislama'),
('bla', '', 'Siksika'),
('bnt', '', 'Bantu(Other)'),
('tib', 'bo', 'Tibetan'),
('bos', 'bs', 'Bosnian'),
('bra', '', 'Braj'),
('bre', 'br', 'Breton'),
('btk', '', 'Batak(Indonesia)'),
('bua', '', 'Buriat'),
('bug', '', 'Buginese'),
('bul', 'bg', 'Bulgarian'),
('bur', 'my', 'Burmese'),
('byn', '', 'Blin;Bilin'),
('cad', '', 'Caddo'),
('cai', '', 'CentralAmericanIndian'),
('car', '', 'Caribcaribe'),
('cat', 'ca', 'Catalan;Valencian'),
('cau', '', 'Caucasian(Other)'),
('ceb', '', 'Cebuano'),
('cel', '', 'Celtic(Other)'),
('cze', 'cs', 'Czech'),
('ces', 'cs', 'Czech'),
('cha', 'ch', 'Chamorro'),
('chb', '', 'Chibcha'),
('che', 'ce', 'Chechen'),
('chg', '', 'Chagatai'),
('chi', 'zh', 'Chinese'),
('zho', 'zh', 'Chinese'),
('chk', '', 'Chuukese'),
('chm', '', 'Mari'),
('chn', '', 'Chinookjargon'),
('cho', '', 'Choctaw'),
('chp', '', 'Chipewyan'),
('chr', '', 'Cherokee'),
('chu', 'cu', 'ChurchSlavic'),
('chv', 'cv', 'Chuvash'),
('chy', '', 'Cheyenne'),
('cmc', '', 'Chamiclanguages'),
('cop', '', 'Coptic'),
('cor', 'kw', 'Cornish'),
('cos', 'co', 'Corsican'),
('cpp', '', 'Creoles'),
('cre', 'cr', 'Cree'),
('crh', '', 'CrimeanTatar'),
('crp', '', 'Creolesandpidgins(Other)'),
('csb', '', 'Kashubian'),
('cus', '', 'Cushitic(Other)'),
('wel', 'cy', 'Welsh'),
('cym', 'cy', 'Welsh'),
('dak', '', 'Dakota'),
('dan', 'da', 'Danish'),
('dar', '', 'Dargwa'),
('day', '', 'Dayak'),
('del', '', 'Delaware'),
('den', '', 'Slave(Athapascan)'),
('ger', 'de', 'German'),
('deu', 'de', 'German'),
('dgr', '', 'Dogrib'),
('din', '', 'Dinka'),
('div', 'dv', 'Divehi;Dhivehi'),
('doi', '', 'Dogri'),
('dra', '', 'Dravidian(Other)'),
('dsb', '', 'LowerSorbian'),
('dua', '', 'Duala'),
('dut', 'nl', 'Dutch;Flemish'),
('nld', 'nl', 'Dutch;Flemish'),
('dyu', '', 'Dyula'),
('dzo', 'dz', 'Dzongkha'),
('efi', '', 'Efik'),
('egy', '', 'Egyptian(Ancient)'),
('eka', '', 'Ekajuk'),
('elx', '', 'Elamite'),
('cpe', '', 'Creolesandpidgins Englishbased(Other)'),
('cpf', '', 'Creolesandpidgins French-based(Other)'),
('dum', '', 'Dutch Middle(ca.1050-1350)'),
('gre', 'el', 'Greek Modern(1453-)'),
('ell', 'el', 'Greek Modern(1453-)'),
('eng', 'en', 'English'),
('epo', 'eo', 'Esperanto'),
('est', 'et', 'Estonian'),
('eus', 'eu', 'Basque'),
('ewe', 'ee', 'Ewe'),
('ewo', '', 'Ewondo'),
('fan', '', 'Fang'),
('fao', 'fo', 'Faroese'),
('per', 'fa', 'Persian'),
('fas', 'fa', 'Persian'),
('fat', '', 'Fanti'),
('fij', 'fj', 'Fijian'),
('fil', '', 'Filipino'),
('fin', 'fi', 'Finnish'),
('fiu', '', 'Finno-Ugrian(Other)'),
('fon', '', 'Fon'),
('fre', 'fr', 'French'),
('fra', 'fr', 'French'),
('frr', '', 'NorthernFrisian'),
('frs', '', 'EasternFrisian'),
('fry', 'fy', 'WesternFrisian'),
('ful', 'ff', 'Fulah'),
('fur', '', 'Friulian'),
('gaa', '', 'Ga'),
('gay', '', 'Gayo'),
('gba', '', 'Gbaya'),
('gem', '', 'Germanic(Other)'),
('kat', 'ka', 'Georgian'),
('geo', 'ka', 'Georgian'),
('gez', '', 'Geez'),
('gil', '', 'Gilbertese'),
('gla', 'gd', 'Gaelic'),
('gle', 'ga', 'Irish'),
('glg', 'gl', 'Galician'),
('glv', 'gv', 'Manxmanx;'),
('gon', '', 'Gondi'),
('gor', '', 'Gorontalo'),
('got', '', 'Gothic'),
('grb', '', 'Grebo'),
('frm', '', 'French Middle(ca.1400-1600)'),
('fro', '', 'French Old(842-ca.1400)'),
('grc', '', 'Greek Ancient(to1453)'),
('grn', 'gn', 'Guarani'),
('gsw', '', 'Alemanic'),
('guj', 'gu', 'Gujarati'),
('gwi', '', 'Gwich'),
('hai', '', 'Haida'),
('hat', 'ht', 'Haitian'),
('hau', 'ha', 'Hausa'),
('haw', '', 'Hawaiian'),
('heb', 'he', 'Hebrew'),
('her', 'hz', 'Herero'),
('hil', '', 'Hiligaynon'),
('him', '', 'Himachali'),
('hin', 'hi', 'Hindi'),
('hit', '', 'Hittite'),
('hmn', '', 'Hmong'),
('hmo', 'ho', 'HiriMotu'),
('scr', 'hr', 'Croatian'),
('hrv', 'hr', 'Croatian'),
('hsb', '', 'UpperSorbian'),
('hun', 'hu', 'Hungarian'),
('hup', '', 'Hupa'),
('iba', '', 'Iban'),
('ibo', 'ig', 'Igbo'),
('ice', 'is', 'Icelandic'),
('isl', 'is', 'Icelandic'),
('ido', 'io', 'Ido'),
('iii', 'ii', 'SichuanYi'),
('ijo', '', 'Ijo'),
('iku', 'iu', 'Inuktitut'),
('ile', 'ie', 'Interlingue'),
('ilo', '', 'Iloko'),
('ina', 'ia', 'Interlingua'),
('inc', '', 'Indic(Other)'),
('ind', 'id', 'Indonesian'),
('ine', '', 'Indo-European(Other)'),
('inh', '', 'Ingush'),
('ipk', 'ik', 'Inupiaq'),
('ira', '', 'Iranian(Other)'),
('iro', '', 'Iroquoianlanguages'),
('ita', 'it', 'Italian'),
('jav', 'jv', 'Javanese'),
('jbo', '', 'Lojban'),
('jpn', 'ja', 'Japanese'),
('jpr', '', 'Judeo-Persian'),
('jrb', '', 'Judeo-Arabic'),
('kaa', '', 'Kara-Kalpak'),
('kab', '', 'Kabyle'),
('kac', '', 'Kachin'),
('kal', 'kl', 'Kalaallisut'),
('kam', '', 'Kamba'),
('kan', 'kn', 'Kannada'),
('kar', '', 'Karen'),
('kas', 'ks', 'Kashmiri'),
('kau', 'kr', 'Kanuri'),
('kaw', '', 'Kawi'),
('kaz', 'kk', 'Kazakh'),
('kbd', '', 'Kabardian'),
('kha', '', 'Khasi'),
('khi', '', 'Khoisan(Other)'),
('khm', 'km', 'Khmer'),
('kho', '', 'Khotanese'),
('kik', 'ki', 'Kikuyu;'),
('kin', 'rw', 'Kinyarwanda'),
('kir', 'ky', 'Kirghiz'),
('kmb', '', 'Kimbundu'),
('kok', '', 'Konkani'),
('kom', 'kv', 'Komi'),
('kon', 'kg', 'Kongo'),
('kor', 'ko', 'Korean'),
('kos', '', 'Kosraean'),
('kpe', '', 'Kpelle'),
('krc', '', 'Karachay-Balkar'),
('krl', '', 'Karelian'),
('kro', '', 'Kru'),
('kru', '', 'Kurukh'),
('kua', 'kj', 'Kuanyama'),
('kum', '', 'Kumyk'),
('kur', 'ku', 'Kurdish'),
('kut', '', 'Kutenai'),
('lad', '', 'Ladino'),
('lah', '', 'Lahnda'),
('lam', '', 'Lamba'),
('lao', 'lo', 'Lao'),
('lat', 'la', 'Latin'),
('lav', 'lv', 'Latvian'),
('lez', '', 'Lezghian'),
('lim', 'li', 'Limburgan'),
('lin', 'ln', 'Lingala'),
('lit', 'lt', 'Lithuanian'),
('lol', '', 'Mongo'),
('loz', '', 'Lozi'),
('ltz', 'lb', 'Luxembourgish'),
('lua', '', 'Luba-Lulua'),
('lub', 'lu', 'Luba-Katanga'),
('lug', 'lg', 'Ganda'),
('lui', '', 'Luiseno'),
('lun', '', 'Lunda'),
('luo', '', 'Luo(KenyaandTanzania)'),
('lus', '', 'lushai'),
('mac', 'mk', 'Macedonian'),
('mkd', 'mk', 'Macedonian'),
('mad', '', 'Madurese'),
('mag', '', 'Magahi'),
('mah', 'mh', 'Marshallese'),
('mai', '', 'Maithili'),
('mak', '', 'Makasar'),
('mal', 'ml', 'Malayalam'),
('man', '', 'Mandingo'),
('mao', 'mi', 'Maori'),
('mri', 'mi', 'Maori'),
('map', '', 'Austronesian(Other)'),
('mar', 'mr', 'Marathi'),
('mas', '', 'Masai'),
('may', 'ms', 'Malay'),
('msa', 'ms', 'Malay'),
('mdf', '', 'Moksha'),
('mdr', '', 'Mandar'),
('men', '', 'Mende'),
('mic', '', 'Mi''kmaq'),
('min', '', 'Minangkabau'),
('mis', '', 'Miscellaneouslanguages'),
('mkh', '', 'Mon-Khmer(Other)'),
('mlg', 'mg', 'Malagasy'),
('mlt', 'mt', 'Maltese'),
('mnc', '', 'Manchu'),
('mni', '', 'Manipuri'),
('mno', '', 'Manobolanguages'),
('moh', '', 'Mohawk'),
('mol', 'mo', 'Moldavian'),
('mon', 'mn', 'Mongolian'),
('mga', '', 'Irish Middle(900-1200)'),
('mos', '', 'Mossi'),
('mul', '', 'Multiple'),
('mun', '', 'Mundalanguages'),
('mus', '', 'Creek'),
('mwl', '', 'Mirandese'),
('mwr', '', 'Marwari'),
('mya', 'my', 'Burmese'),
('myn', '', 'Mayanlanguages'),
('myv', '', 'Erzya'),
('nah', '', 'Nahuatl'),
('nai', '', 'NorthAmericanIndian'),
('nap', '', 'Neapolitan'),
('nau', 'na', 'Nauru'),
('nav', 'nv', 'Navajo'),
('ndo', 'ng', 'Ndonga'),
('nds', '', 'LowGerman'),
('nep', 'ne', 'Nepali'),
('new', '', 'Newaria'),
('nia', '', 'Nias'),
('nic', '', 'Niger-Kordofanian(Other)s'),
('niu', '', 'Niuean'),
('nno', 'nn', 'Norwegian'),
('nob', 'nb', 'Norwegian'),
('nog', '', 'Nogai'),
('non', '', 'Norse'),
('nor', 'no', 'Norwegian'),
('nqo', '', 'N''ko'),
('nso', '', 'NorthernSotho'),
('nub', '', 'Nubianlanguages'),
('nwc', '', 'ClassicalNewari'),
('nya', 'ny', 'Chichewa;Chewa'),
('nym', '', 'Nyamwezi'),
('nyn', '', 'Nyankole'),
('nyo', '', 'Nyoro'),
('oci', 'oc', 'Occitan(post1500)'),
('oji', 'oj', 'Ojibwa'),
('ori', 'or', 'Oriya'),
('orm', 'om', 'Oromo'),
('osa', '', 'Osage'),
('oss', 'os', 'Ossetian'),
('oto', '', 'Otomianlanguages'),
('nbl', 'nr', 'Ndebele South'),
('nde', 'nd', 'Ndebele North'),
('ota', '', 'Turkish Ottoman(1500-1928)'),
('paa', '', 'Papuan(Other)papoues'),
('pag', '', 'Pangasinan'),
('pal', '', 'Pahlavi'),
('pam', '', 'Pampanga'),
('pan', 'pa', 'Panjabi;Punjabi'),
('pap', '', 'Papiamento'),
('pau', '', 'Palauan'),
('phi', '', 'Philippine(Other)philippines'),
('phn', '', 'Phoenician'),
('pli', 'pi', 'Pali'),
('pol', 'pl', 'Polish'),
('pon', '', 'Pohnpeian'),
('por', 'pt', 'Portuguese'),
('pra', '', 'Prakritlanguages'),
('pus', 'ps', 'Pushto'),
('que', 'qu', 'Quechua'),
('raj', '', 'Rajasthani'),
('rap', '', 'Rapanui'),
('rar', '', 'Rarotongan'),
('roa', 'R', 'omance(Other)romanes'),
('roh', 'rm', 'Raeto-Romance'),
('rom', '', 'Romany'),
('rum', 'ro', 'Romanian'),
('ron', 'ro', 'Romanian'),
('run', 'rn', 'Rundi'),
('rup', '', 'Aromanian'),
('rus', 'ru', 'Russian'),
('sad', '', 'Sandawe'),
('sag', 'sg', 'Sango'),
('sah', '', 'Yakut'),
('sai', '', 'SouthAmericanIndian(Other)'),
('sal', '', 'Salishanlanguages'),
('sam', '', 'SamaritanAramaic'),
('san', 'sa', 'Sanskrit'),
('sas', '', 'Sasak'),
('sat', '', 'Santali'),
('scc', 'sr', 'Serbian'),
('srp', 'sr', 'Serbian'),
('scn', '', 'Sicilian'),
('sco', '', 'Scots'),
('sel', '', 'Selkup'),
('peo', '', 'Persian Old(ca.600-400B.C.)'),
('sem', '', 'Semitic(Other)'),
('sgn', '', 'SignLanguages'),
('shn', '', 'Shan'),
('sid', '', 'Sidamo'),
('sin', 'si', 'Sinhala'),
('sio', '', 'Siouanlanguages'),
('sit', '', 'Sino-Tibetan(Other)'),
('sla', '', 'Slavic(Other)slaves'),
('slo', 'sk', 'Slovak'),
('slk', 'sk', 'Slovak'),
('slv', 'sl', 'Slovenian'),
('sma', '', 'SouthernSami'),
('sme', 'se', 'NorthernSami'),
('smi', '', 'Samilanguages(Other)'),
('smj', '', 'LuleSami'),
('smn', '', 'InariSami'),
('smo', 'sm', 'Samoan'),
('sms', '', 'SkoltSami'),
('sna', 'sn', 'Shona'),
('snd', 'sd', 'Sindhi'),
('snk', '', 'Soninke'),
('sog', '', 'Sogdian'),
('som', 'so', 'Somali'),
('son', '', 'Songhai'),
('spa', 'es', 'Spanish;Castilian'),
('srd', 'sc', 'Sardinian'),
('srn', '', 'SrananTogosranan'),
('srr', '', 'Serer'),
('ssa', '', 'Nilo-Saharan(Other)'),
('ssw', 'ss', 'Swati'),
('suk', '', 'Sukuma'),
('sun', 'su', 'Sundanese'),
('sus', '', 'Susu'),
('sux', '', 'Sumerian'),
('swa', 'sw', 'Swahili'),
('swe', 'sv', 'Swedish'),
('syr', '', 'Syriac'),
('tah', 'ty', 'Tahitian'),
('tai', '', 'Tai(Other)'),
('tam', 'ta', 'Tamil'),
('tat', 'tt', 'Tatar'),
('tel', 'te', 'Telugu'),
('tem', '', 'Timne'),
('sga', '', 'Irish Old(to900)'),
('sot', 'st', 'Sotho Southern'),
('ter', '', 'Tereno'),
('tet', '', 'Tetum'),
('tgk', 'tg', 'Tajik'),
('tgl', 'tl', 'Tagalog'),
('tha', 'th', 'Thai'),
('bod', 'bo', 'Tibetan'),
('tig', '', 'Tigre'),
('tir', 'ti', 'Tigrinya'),
('tiv', '', 'Tiv'),
('tkl', '', 'Tokelau'),
('tlh', '', 'Klingon'),
('tli', '', 'Tlingit'),
('tmh', '', 'Tamashek'),
('tog', '', 'Tonga(Nyasa)'),
('ton', 'to', 'Tonga(TongaIslands)'),
('tpi', '', 'TokPisin'),
('tsi', '', 'Tsimshian'),
('tsn', 'tn', 'Tswana'),
('tso', 'ts', 'Tsonga'),
('tuk', 'tk', 'Turkmen'),
('tum', '', 'Tumbuka'),
('tup', '', 'Tupilanguages'),
('tur', 'tr', 'Turkish'),
('tut', '', 'Altaic(Other)'),
('tvl', '', 'Tuvalu'),
('twi', 'tw', 'Twi'),
('tyv', '', 'Tuvinian'),
('udm', '', 'Udmurt'),
('uga', '', 'Ugaritic'),
('uig', 'ug', 'Uighur'),
('ukr', 'uk', 'Ukrainian'),
('umb', '', 'Umbundu'),
('und', '', 'Undetermined'),
('urd', 'ur', 'Urdu'),
('uzb', 'uz', 'Uzbek'),
('vai', '', 'Vai'),
('ven', 've', 'Venda'),
('vie', 'vi', 'Vietnamese'),
('vol', 'vo', 'Volapk'),
('vot', '', 'Votic'),
('wak', '', 'Wakashanlanguages'),
('wal', '', 'Walamo'),
('war', '', 'Waray'),
('was', '', 'Washo'),
('wen', '', 'Sorbianlanguages'),
('wln', 'wa', 'Walloon'),
('wol', 'wo', 'Wolof'),
('xal', '', 'Kalmyk'),
('xho', 'xh', 'Xhosa'),
('yao', '', 'Yao'),
('yap', '', 'Yapese'),
('yid', 'yi', 'Yiddish'),
('yor', 'yo', 'Yoruba'),
('ypk', '', 'Yupiklanguages'),
('zap', '', 'Zapotec'),
('zen', '', 'Zenaga'),
('zha', 'za', 'Zhuang'),
('znd', '', 'Zande'),
('zul', 'zu', 'Zulu'),
('zun', '', 'Zuni'),
('zxx', '', 'Nolinguisticcontent');

-- Table structure for table `subgroup_checks`

CREATE TABLE `subgroup_checks` (
  `subgroup_id` mediumint(8) unsigned NOT NULL default '0',
  `check_id` mediumint(8) unsigned NOT NULL default '0',
  PRIMARY KEY  (`subgroup_id`,`check_id`)
) ENGINE=MyISAM DEFAULT CHARSET=utf8;

-- Dumping data for table `subgroup_checks`

INSERT INTO `subgroup_checks` (`subgroup_id`, `check_id`) VALUES
(1, 1),
(1, 4),
(1, 5),
(1, 8),
(1, 11),
(1, 17),
(1, 20),
(1, 23),
(1, 24),
(1, 34),
(1, 58),
(1, 59),
(1, 64),
(1, 65),
(1, 66),
(1, 74),
(1, 75),
(1, 77),
(1, 78),
(1, 79),
(1, 80),
(1, 90),
(1, 127),
(2, 132),
(4, 145),
(4, 146),
(6, 14),
(6, 21),
(6, 55),
(6, 73),
(6, 86),
(7, 135),
(8, 29),
(11, 37),
(11, 38),
(11, 39),
(11, 40),
(11, 42),
(11, 43),
(11, 44),
(11, 45),
(11, 46),
(11, 47),
(12, 70),
(12, 81),
(13, 100),
(14, 110),
(15, 136),
(16, 137),
(17, 94),
(17, 97),
(17, 109),
(18, 24),
(18, 74),
(18, 127),
(19, 25),
(19, 75),
(19, 128),
(20, 102),
(20, 103),
(20, 104),
(20, 105),
(20, 106),
(20, 107),
(20, 108),
(21, 35),
(21, 36),
(21, 90),
(22, 10),
(22, 22),
(22, 30),
(22, 87),
(23, 27),
(24, 69),
(25, 72),
(26, 71),
(27, 26),
(27, 76),
(27, 89),
(27, 129),
(28, 12),
(31, 18),
(31, 68),
(32, 96),
(32, 122),
(32, 123),
(32, 124),
(32, 125),
(36, 31),
(36, 32),
(37, 34),
(39, 57),
(39, 91),
(39, 95),
(39, 118),
(39, 119),
(39, 120),
(39, 121),
(40, 19),
(40, 173),
(41, 50),
(41, 51),
(41, 52),
(41, 53),
(41, 54),
(45, 13),
(46, 98),
(46, 99),
(47, 48),
(47, 49),
(48, 111),
(48, 112),
(48, 113),
(48, 114),
(49, 138),
(49, 139),
(49, 140),
(49, 141),
(49, 142),
(52, 134),
(55, 28),
(59, 84),
(62, 1),
(62, 2),
(62, 3),
(62, 4),
(62, 5),
(62, 6),
(62, 7),
(62, 11),
(62, 24),
(62, 74),
(62, 77),
(62, 80),
(62, 90),
(62, 101),
(63, 20),
(64, 14),
(64, 21),
(64, 55),
(64, 73),
(64, 86),
(65, 94),
(66, 13),
(67, 12),
(68, 136),
(70, 31),
(70, 32),
(70, 33),
(70, 34),
(70, 35),
(71, 10),
(71, 22),
(71, 30),
(71, 87),
(73, 90),
(74, 23),
(74, 24),
(74, 25),
(74, 26),
(75, 57),
(75, 58),
(75, 59),
(75, 60),
(75, 61),
(75, 62),
(75, 63),
(75, 91),
(75, 118),
(75, 119),
(75, 120),
(75, 121),
(76, 28),
(77, 71),
(77, 72),
(78, 225),
(78, 232),
(79, 233),
(79, 234),
(80, 1),
(80, 2),
(80, 3),
(80, 4),
(80, 5),
(80, 6),
(80, 11),
(80, 15),
(80, 16),
(80, 61),
(80, 62),
(80, 178),
(81, 14),
(81, 21),
(81, 55),
(81, 73),
(81, 86),
(82, 10),
(82, 22),
(82, 30),
(82, 87),
(83, 226),
(83, 227),
(83, 228),
(83, 229),
(84, 196),
(85, 132),
(86, 136),
(87, 230),
(87, 231),
(90, 114),
(90, 115),
(90, 133),
(90, 137),
(91, 118),
(91, 119),
(91, 120),
(91, 121),
(91, 122),
(91, 123),
(91, 124),
(91, 125),
(92, 23),
(92, 24),
(92, 25),
(92, 77),
(92, 80),
(92, 88),
(92, 90),
(92, 94),
(92, 127),
(92, 128),
(92, 164),
(92, 165),
(92, 166),
(93, 26),
(93, 89),
(93, 102),
(93, 103),
(93, 104),
(93, 105),
(93, 106),
(93, 107),
(93, 108),
(93, 129),
(95, 20),
(95, 77),
(95, 145),
(95, 146),
(96, 15),
(96, 28),
(96, 65),
(96, 175),
(96, 191),
(96, 197),
(97, 71),
(97, 72),
(100, 1),
(100, 4),
(100, 5),
(100, 8),
(100, 11),
(100, 17),
(100, 20),
(100, 23),
(100, 24),
(100, 34),
(100, 58),
(100, 59),
(100, 64),
(100, 65),
(100, 66),
(100, 74),
(100, 75),
(100, 77),
(100, 78),
(100, 79),
(100, 80),
(100, 90),
(100, 127),
(101, 132),
(103, 145),
(103, 146),
(105, 14),
(105, 21),
(105, 55),
(105, 73),
(105, 86),
(106, 110),
(107, 136),
(108, 94),
(108, 97),
(108, 109),
(109, 24),
(109, 74),
(109, 127),
(110, 25),
(110, 75),
(110, 128),
(111, 10),
(111, 22),
(111, 30),
(111, 87),
(112, 26),
(112, 76),
(112, 89),
(112, 129),
(113, 12),
(115, 31),
(115, 32),
(117, 1),
(117, 4),
(117, 5),
(117, 8),
(117, 11),
(117, 17),
(117, 20),
(117, 23),
(117, 24),
(117, 34),
(117, 58),
(117, 59),
(117, 64),
(117, 65),
(117, 66),
(117, 74),
(117, 75),
(117, 77),
(117, 78),
(117, 79),
(117, 80),
(117, 127),
(118, 132),
(120, 145),
(120, 146),
(122, 14),
(122, 21),
(122, 73),
(122, 86),
(123, 110),
(124, 136),
(125, 94),
(125, 97),
(125, 109),
(126, 24),
(126, 74),
(126, 127),
(127, 25),
(127, 75),
(127, 128),
(128, 10),
(128, 22),
(128, 30),
(128, 87),
(129, 26),
(129, 76),
(129, 89),
(129, 129),
(130, 12),
(132, 31),
(132, 32),
(135, 135),
(136, 232),
(137, 176),
(137, 177),
(139, 37),
(139, 38),
(139, 39),
(139, 40),
(139, 42),
(139, 43),
(139, 44),
(139, 45),
(139, 46),
(139, 47),
(140, 70),
(140, 81),
(141, 100),
(142, 137),
(144, 35),
(144, 36),
(145, 27),
(146, 69),
(147, 72),
(148, 71),
(151, 18),
(151, 68),
(152, 96),
(152, 122),
(152, 123),
(152, 124),
(152, 125),
(155, 34),
(157, 57),
(157, 91),
(157, 95),
(157, 118),
(157, 119),
(157, 121),
(158, 19),
(158, 173),
(159, 50),
(159, 51),
(159, 52),
(159, 53),
(159, 54),
(162, 1),
(162, 4),
(162, 5),
(162, 8),
(162, 11),
(162, 17),
(162, 20),
(162, 23),
(162, 24),
(162, 34),
(162, 58),
(162, 59),
(162, 64),
(162, 65),
(162, 66),
(162, 74),
(162, 75),
(162, 77),
(162, 78),
(162, 79),
(162, 80),
(162, 127),
(163, 13),
(165, 145),
(165, 146),
(167, 14),
(167, 21),
(167, 55),
(167, 73),
(167, 86),
(168, 110),
(169, 136),
(170, 94),
(170, 97),
(170, 109),
(171, 24),
(171, 74),
(171, 127),
(172, 25),
(172, 75),
(172, 128),
(173, 10),
(173, 22),
(173, 30),
(173, 87),
(174, 26),
(174, 76),
(174, 89),
(174, 129),
(175, 12),
(177, 31),
(177, 32),
(180, 135),
(181, 232),
(182, 176),
(182, 177),
(184, 37),
(184, 38),
(184, 39),
(184, 40),
(184, 42),
(184, 43),
(184, 44),
(184, 45),
(184, 46),
(184, 47),
(185, 70),
(185, 81),
(186, 100),
(187, 137),
(188, 102),
(188, 103),
(188, 104),
(188, 105),
(188, 106),
(188, 107),
(188, 108),
(189, 35),
(189, 36),
(190, 27),
(191, 69),
(192, 72),
(193, 71),
(196, 18),
(196, 68),
(197, 96),
(197, 122),
(197, 123),
(197, 124),
(197, 125),
(200, 34),
(202, 57),
(202, 91),
(202, 95),
(202, 118),
(202, 119),
(202, 121),
(203, 19),
(203, 173),
(204, 50),
(204, 51),
(204, 52),
(204, 53),
(204, 54),
(204, 143),
(207, 13),
(208, 98),
(208, 99),
(209, 48),
(209, 49),
(210, 111),
(210, 112),
(210, 113),
(210, 114),
(211, 138),
(211, 139),
(211, 140),
(211, 141),
(211, 142),
(214, 134),
(217, 28),
(221, 84),
(224, 1),
(224, 2),
(224, 3),
(224, 6),
(224, 8),
(224, 11),
(224, 16),
(224, 23),
(224, 25),
(224, 58),
(224, 59),
(224, 60),
(224, 64),
(224, 65),
(224, 80),
(224, 163),
(224, 178),
(224, 193),
(224, 238),
(224, 239),
(227, 37),
(227, 38),
(227, 39),
(227, 40),
(227, 42),
(227, 43),
(227, 44),
(227, 45),
(227, 46),
(227, 47),
(227, 57),
(227, 82),
(227, 91),
(227, 95),
(227, 96),
(227, 111),
(227, 114),
(227, 115),
(227, 118),
(227, 119),
(227, 120),
(227, 121),
(227, 122),
(227, 123),
(227, 124),
(227, 125),
(227, 137),
(227, 151),
(227, 168),
(227, 203),
(227, 204),
(227, 206),
(227, 207),
(227, 208),
(227, 209),
(227, 211),
(227, 212),
(227, 213),
(227, 216),
(227, 241),
(227, 242),
(227, 243),
(227, 244),
(227, 245),
(227, 247),
(227, 248),
(227, 270),
(227, 271),
(228, 14),
(229, 133),
(231, 103),
(231, 104),
(231, 105),
(231, 106),
(231, 107),
(231, 108),
(231, 258),
(231, 259),
(231, 260),
(232, 72),
(233, 10),
(233, 22),
(233, 30),
(234, 28),
(234, 31),
(234, 32),
(234, 261),
(234, 262),
(234, 263),
(235, 267),
(235, 268),
(236, 48),
(236, 49),
(236, 273),
(237, 275),
(238, 274),
(242, 1),
(242, 2),
(242, 3),
(242, 6),
(242, 8),
(242, 11),
(242, 16),
(242, 23),
(242, 25),
(242, 58),
(242, 59),
(242, 60),
(242, 64),
(242, 65),
(242, 80),
(242, 163),
(242, 178),
(242, 193),
(242, 238),
(242, 239),
(248, 37),
(248, 38),
(248, 39),
(248, 40),
(248, 42),
(248, 43),
(248, 44),
(248, 45),
(248, 46),
(248, 47),
(248, 57),
(248, 82),
(248, 91),
(248, 95),
(248, 96),
(248, 111),
(248, 114),
(248, 115),
(248, 118),
(248, 119),
(248, 120),
(248, 121),
(248, 122),
(248, 123),
(248, 124),
(248, 125),
(248, 137),
(248, 151),
(248, 168),
(248, 203),
(248, 204),
(248, 206),
(248, 207),
(248, 208),
(248, 209),
(248, 211),
(248, 212),
(248, 213),
(248, 216),
(248, 241),
(248, 242),
(248, 243),
(248, 244),
(248, 245),
(248, 247),
(248, 248),
(248, 270),
(248, 271),
(249, 14),
(250, 133),
(251, 249),
(252, 250),
(253, 221),
(253, 222),
(253, 223),
(253, 224),
(253, 251),
(253, 252),
(255, 103),
(255, 104),
(255, 105),
(255, 106),
(255, 107),
(255, 108),
(255, 258),
(255, 259),
(255, 260),
(257, 72),
(258, 27),
(259, 10),
(259, 22),
(259, 30),
(261, 28),
(261, 31),
(261, 32),
(261, 261),
(261, 262),
(261, 263),
(263, 50),
(263, 51),
(263, 52),
(263, 53),
(263, 54),
(264, 174),
(264, 197),
(265, 267),
(265, 268),
(267, 269),
(267, 272),
(268, 48),
(268, 49),
(268, 273),
(269, 110),
(270, 275),
(271, 274),
(272, 276),
(278, 1),
(278, 2),
(278, 3),
(278, 6),
(278, 8),
(278, 11),
(278, 16),
(278, 23),
(278, 25),
(278, 58),
(278, 59),
(278, 60),
(278, 64),
(278, 65),
(278, 80),
(278, 163),
(278, 178),
(278, 193),
(278, 238),
(278, 239),
(287, 145),
(287, 240),
(288, 37),
(288, 38),
(288, 39),
(288, 40),
(288, 42),
(288, 43),
(288, 44),
(288, 45),
(288, 46),
(288, 47),
(288, 57),
(288, 82),
(288, 91),
(288, 95),
(288, 96),
(288, 111),
(288, 114),
(288, 115),
(288, 118),
(288, 119),
(288, 120),
(288, 121),
(288, 122),
(288, 123),
(288, 124),
(288, 125),
(288, 137),
(288, 151),
(288, 168),
(288, 203),
(288, 204),
(288, 206),
(288, 207),
(288, 208),
(288, 209),
(288, 211),
(288, 212),
(288, 213),
(288, 216),
(288, 241),
(288, 242),
(288, 243),
(288, 244),
(288, 245),
(288, 247),
(288, 248),
(288, 270),
(288, 271),
(289, 14),
(290, 133),
(291, 249),
(292, 250),
(293, 221),
(293, 222),
(293, 223),
(293, 224),
(293, 251),
(293, 252),
(295, 253),
(295, 254),
(295, 255),
(295, 256),
(295, 257),
(296, 103),
(296, 104),
(296, 105),
(296, 106),
(296, 107),
(296, 108),
(296, 258),
(296, 259),
(296, 260),
(299, 72),
(300, 27),
(302, 10),
(302, 22),
(302, 30),
(305, 28),
(305, 31),
(305, 32),
(305, 261),
(305, 262),
(305, 263),
(307, 50),
(307, 51),
(307, 52),
(307, 53),
(307, 54),
(308, 174),
(308, 197),
(309, 198),
(309, 199),
(309, 200),
(309, 205),
(309, 210),
(309, 214),
(309, 217),
(309, 218),
(309, 219),
(309, 220),
(309, 246),
(310, 138),
(310, 139),
(310, 140),
(310, 141),
(310, 142),
(310, 264),
(310, 265),
(311, 147),
(311, 266),
(313, 267),
(313, 268),
(315, 269),
(315, 272),
(317, 48),
(317, 49),
(317, 273),
(318, 110),
(320, 275),
(321, 274),
(322, 276);

-- Table structure for table `techniques`

CREATE TABLE `techniques` (
  `subgroup_id` mediumint(8) unsigned NOT NULL default '0',
  `check_id` mediumint(8) unsigned NOT NULL default '0',
  `technique` varchar(50) NOT NULL default '',
  PRIMARY KEY  (`subgroup_id`,`check_id`,`technique`)
) ENGINE=MyISAM DEFAULT CHARSET=utf8;


-- Dumping data for table `techniques`

INSERT INTO `techniques` (`subgroup_id`, `check_id`, `technique`) VALUES
(224, 1, 'F38'),
(224, 1, 'H37'),
(224, 2, 'H37'),
(224, 3, 'H37'),
(224, 6, 'H37'),
(224, 8, 'G72'),
(224, 8, 'G73'),
(224, 8, 'H37'),
(224, 8, 'H45'),
(224, 11, 'H37'),
(224, 16, 'H37'),
(224, 16, 'H67'),
(224, 23, 'H35'),
(224, 25, 'H52'),
(224, 58, 'H36'),
(224, 59, 'H36'),
(224, 60, 'G94'),
(224, 64, 'H24'),
(224, 65, 'H24'),
(224, 80, 'H53'),
(224, 163, 'H46'),
(224, 178, 'H37'),
(224, 193, 'H36'),
(224, 238, 'H36'),
(224, 239, 'H67'),
(227, 37, 'H42'),
(227, 38, 'H42'),
(227, 39, 'H42'),
(227, 40, 'H42'),
(227, 42, 'H42'),
(227, 43, 'H42'),
(227, 44, 'H42'),
(227, 45, 'H42'),
(227, 46, 'H42'),
(227, 47, 'H42'),
(227, 57, 'H44'),
(227, 82, 'H42'),
(227, 91, 'H44'),
(227, 95, 'H44'),
(227, 96, 'H44'),
(227, 111, 'H39'),
(227, 114, 'F46'),
(227, 115, 'F46'),
(227, 118, 'H44'),
(227, 119, 'H44'),
(227, 120, 'H44'),
(227, 121, 'H44'),
(227, 122, 'H44'),
(227, 123, 'H44'),
(227, 124, 'H44'),
(227, 125, 'H44'),
(227, 137, 'F46'),
(227, 151, 'H39'),
(227, 168, 'H71'),
(227, 203, 'H73'),
(227, 204, 'H44'),
(227, 206, 'H44'),
(227, 207, 'H44'),
(227, 208, 'H44'),
(227, 209, 'H44'),
(227, 211, 'H44'),
(227, 212, 'H44'),
(227, 213, 'H44'),
(227, 216, 'H44'),
(227, 241, 'H51'),
(227, 242, 'H39'),
(227, 243, 'H39'),
(227, 244, 'H63'),
(227, 245, 'H43'),
(227, 247, 'H71'),
(227, 248, 'H71'),
(227, 270, 'H34'),
(227, 271, 'H56'),
(228, 14, 'G111'),
(229, 133, 'F49'),
(231, 103, 'SCR20'),
(231, 104, 'SCR20'),
(231, 105, 'SCR20'),
(231, 106, 'SCR20'),
(231, 107, 'SCR20'),
(231, 108, 'SCR20'),
(231, 258, 'G21'),
(231, 259, 'G21'),
(231, 260, 'G21'),
(232, 72, 'F40'),
(233, 10, 'G15'),
(233, 22, 'G15'),
(233, 30, 'G15'),
(234, 28, 'G1'),
(234, 31, 'H64'),
(234, 32, 'H64'),
(234, 261, 'H69'),
(234, 262, 'H50'),
(234, 263, 'H70'),
(235, 267, 'G83'),
(235, 268, 'G85'),
(236, 48, 'H57'),
(236, 49, 'H57'),
(236, 273, 'H55'),
(237, 275, 'F52'),
(238, 274, 'G107'),
(242, 1, 'F38'),
(242, 1, 'H37'),
(242, 2, 'H37'),
(242, 3, 'H37'),
(242, 6, 'H37'),
(242, 8, 'G72'),
(242, 8, 'G73'),
(242, 8, 'H37'),
(242, 8, 'H45'),
(242, 11, 'H37'),
(242, 16, 'H37'),
(242, 16, 'H67'),
(242, 23, 'H35'),
(242, 25, 'H52'),
(242, 58, 'H36'),
(242, 59, 'H36'),
(242, 60, 'G94'),
(242, 64, 'H24'),
(242, 65, 'H24'),
(242, 80, 'H53'),
(242, 163, 'H46'),
(242, 178, 'H37'),
(242, 193, 'H36'),
(242, 238, 'H36'),
(242, 239, 'H67'),
(248, 37, 'H42'),
(248, 38, 'H42'),
(248, 39, 'H42'),
(248, 40, 'H42'),
(248, 42, 'H42'),
(248, 43, 'H42'),
(248, 44, 'H42'),
(248, 45, 'H42'),
(248, 46, 'H42'),
(248, 47, 'H42'),
(248, 57, 'H44'),
(248, 82, 'H42'),
(248, 91, 'H44'),
(248, 95, 'H44'),
(248, 96, 'H44'),
(248, 111, 'H39'),
(248, 114, 'F46'),
(248, 115, 'F46'),
(248, 118, 'H44'),
(248, 119, 'H44'),
(248, 120, 'H44'),
(248, 121, 'H44'),
(248, 122, 'H44'),
(248, 123, 'H44'),
(248, 124, 'H44'),
(248, 125, 'H44'),
(248, 137, 'F46'),
(248, 151, 'H39'),
(248, 168, 'H71'),
(248, 203, 'H73'),
(248, 204, 'H44'),
(248, 206, 'H44'),
(248, 207, 'H44'),
(248, 208, 'H44'),
(248, 209, 'H44'),
(248, 211, 'H44'),
(248, 212, 'H44'),
(248, 213, 'H44'),
(248, 216, 'H44'),
(248, 241, 'H51'),
(248, 242, 'H39'),
(248, 243, 'H39'),
(248, 244, 'H63'),
(248, 245, 'H43'),
(248, 247, 'H71'),
(248, 248, 'H71'),
(248, 270, 'H34'),
(248, 271, 'H56'),
(249, 14, 'G111'),
(250, 133, 'F49'),
(251, 249, 'H49'),
(252, 250, 'G96'),
(253, 221, 'G18'),
(253, 221, 'H21'),
(253, 222, 'G18'),
(253, 222, 'H21'),
(253, 223, 'G18'),
(253, 223, 'H21'),
(253, 224, 'G18'),
(253, 224, 'H21'),
(253, 251, 'G18'),
(253, 251, 'H21'),
(253, 252, 'F24'),
(255, 103, 'SCR20'),
(255, 104, 'SCR20'),
(255, 105, 'SCR20'),
(255, 106, 'SCR20'),
(255, 107, 'SCR20'),
(255, 108, 'SCR20'),
(255, 258, 'G21'),
(255, 259, 'G21'),
(255, 260, 'G21'),
(257, 72, 'F40'),
(258, 27, 'F47'),
(259, 10, 'G15'),
(259, 22, 'G15'),
(259, 30, 'G15'),
(261, 28, 'G1'),
(261, 31, 'H64'),
(261, 32, 'H64'),
(261, 261, 'H69'),
(261, 262, 'H50'),
(261, 263, 'H70'),
(263, 50, 'H25'),
(263, 51, 'H25'),
(263, 52, 'H25'),
(263, 53, 'H25'),
(263, 54, 'H25'),
(264, 174, 'H30'),
(264, 197, 'H30'),
(265, 267, 'G83'),
(265, 268, 'G85'),
(267, 269, 'G98'),
(267, 272, 'G99'),
(268, 48, 'H57'),
(268, 49, 'H57'),
(268, 273, 'H55'),
(269, 110, 'H58'),
(270, 275, 'F52'),
(271, 274, 'G107'),
(272, 276, 'G61'),
(278, 1, 'F38'),
(278, 1, 'H37'),
(278, 2, 'H37'),
(278, 3, 'H37'),
(278, 6, 'H37'),
(278, 8, 'G72'),
(278, 8, 'G73'),
(278, 8, 'H37'),
(278, 8, 'H45'),
(278, 11, 'H37'),
(278, 16, 'H37'),
(278, 16, 'H67'),
(278, 23, 'H35'),
(278, 25, 'H52'),
(278, 58, 'H36'),
(278, 59, 'H36'),
(278, 60, 'G94'),
(278, 64, 'H24'),
(278, 65, 'H24'),
(278, 80, 'H53'),
(278, 163, 'H46'),
(278, 178, 'H37'),
(278, 193, 'H36'),
(278, 238, 'H36'),
(278, 239, 'H67'),
(287, 145, 'G58'),
(287, 240, 'G69'),
(288, 37, 'H42'),
(288, 38, 'H42'),
(288, 39, 'H42'),
(288, 40, 'H42'),
(288, 42, 'H42'),
(288, 43, 'H42'),
(288, 44, 'H42'),
(288, 45, 'H42'),
(288, 46, 'H42'),
(288, 47, 'H42'),
(288, 57, 'H44'),
(288, 82, 'H42'),
(288, 91, 'H44'),
(288, 95, 'H44'),
(288, 96, 'H44'),
(288, 111, 'H39'),
(288, 114, 'F46'),
(288, 115, 'F46'),
(288, 118, 'H44'),
(288, 119, 'H44'),
(288, 120, 'H44'),
(288, 121, 'H44'),
(288, 122, 'H44'),
(288, 123, 'H44'),
(288, 124, 'H44'),
(288, 125, 'H44'),
(288, 137, 'F46'),
(288, 151, 'H39'),
(288, 168, 'H71'),
(288, 203, 'H73'),
(288, 204, 'H44'),
(288, 206, 'H44'),
(288, 207, 'H44'),
(288, 208, 'H44'),
(288, 209, 'H44'),
(288, 211, 'H44'),
(288, 212, 'H44'),
(288, 213, 'H44'),
(288, 216, 'H44'),
(288, 241, 'H51'),
(288, 242, 'H39'),
(288, 243, 'H39'),
(288, 244, 'H63'),
(288, 245, 'H43'),
(288, 247, 'H71'),
(288, 248, 'H71'),
(288, 270, 'H34'),
(288, 271, 'H56'),
(289, 14, 'G111'),
(290, 133, 'F49'),
(291, 249, 'H49'),
(292, 250, 'G96'),
(293, 221, 'G18'),
(293, 221, 'H21'),
(293, 222, 'G18'),
(293, 222, 'H21'),
(293, 223, 'G18'),
(293, 223, 'H21'),
(293, 224, 'G18'),
(293, 224, 'H21'),
(293, 251, 'G18'),
(293, 251, 'H21'),
(293, 252, 'F24'),
(295, 253, 'G17'),
(295, 253, 'H21'),
(295, 254, 'G17'),
(295, 255, 'G17'),
(295, 256, 'G17'),
(295, 257, 'G17'),
(296, 103, 'SCR20'),
(296, 104, 'SCR20'),
(296, 105, 'SCR20'),
(296, 106, 'SCR20'),
(296, 107, 'SCR20'),
(296, 108, 'SCR20'),
(296, 258, 'G21'),
(296, 259, 'G21'),
(296, 260, 'G21'),
(299, 72, 'F40'),
(300, 27, 'F47'),
(302, 10, 'G15'),
(302, 22, 'G15'),
(302, 30, 'G15'),
(305, 28, 'G1'),
(305, 31, 'H64'),
(305, 32, 'H64'),
(305, 261, 'H69'),
(305, 262, 'H50'),
(305, 263, 'H70'),
(307, 50, 'H25'),
(307, 51, 'H25'),
(307, 52, 'H25'),
(307, 53, 'H25'),
(307, 54, 'H25'),
(308, 174, 'H30'),
(308, 197, 'H30'),
(309, 198, 'G131'),
(309, 199, 'G131'),
(309, 200, 'G131'),
(309, 205, 'G131'),
(309, 210, 'G131'),
(309, 214, 'G131'),
(309, 217, 'G131'),
(309, 218, 'G131'),
(309, 219, 'G131'),
(309, 220, 'G131'),
(309, 246, 'G131'),
(310, 138, 'H4'),
(310, 139, 'H4'),
(310, 140, 'H4'),
(310, 141, 'H4'),
(310, 142, 'H4'),
(310, 264, 'H4'),
(310, 265, 'H4'),
(311, 147, 'H59'),
(311, 266, 'G65'),
(313, 267, 'G83'),
(313, 268, 'G85'),
(315, 269, 'G98'),
(315, 272, 'G99'),
(317, 48, 'H57'),
(317, 49, 'H57'),
(317, 273, 'H55'),
(318, 110, 'H58'),
(320, 275, 'F52'),
(321, 274, 'G107'),
(322, 276, 'G61');


-- Table structure for table `test_expected`

CREATE TABLE `test_expected` (
  `check_id` mediumint(8) unsigned NOT NULL,
  `step_id` mediumint(8) unsigned NOT NULL,
  `step` text,
  PRIMARY KEY  (`check_id`,`step_id`)
) ENGINE=MyISAM DEFAULT CHARSET=utf8;

-- Dumping data for table `test_expected`

INSERT INTO `test_expected` (`check_id`, `step_id`, `step`) VALUES
(1, 0, '_EXPECTEDSTEP_1_0'),
(2, 0, '_EXPECTEDSTEP_2_0'),
(3, 0, '_EXPECTEDSTEP_3_0'),
(4, 0, '_EXPECTEDSTEP_4_0'),
(5, 0, '_EXPECTEDSTEP_5_0'),
(6, 0, '_EXPECTEDSTEP_6_0'),
(7, 0, '_EXPECTEDSTEP_7_0'),
(8, 0, '_EXPECTEDSTEP_8_0'),
(9, 0, '_EXPECTEDSTEP_9_0'),
(10, 0, '_EXPECTEDSTEP_10_0'),
(11, 0, '_EXPECTEDSTEP_11_0'),
(12, 0, '_EXPECTEDSTEP_12_0'),
(13, 0, '_EXPECTEDSTEP_13_0'),
(14, 0, '_EXPECTEDSTEP_14_0'),
(15, 0, '_EXPECTEDSTEP_15_0'),
(16, 0, '_EXPECTEDSTEP_16_0'),
(17, 0, '_EXPECTEDSTEP_17_0'),
(18, 0, '_EXPECTEDSTEP_18_0'),
(19, 0, '_EXPECTEDSTEP_19_0'),
(20, 0, '_EXPECTEDSTEP_20_0'),
(21, 0, '_EXPECTEDSTEP_21_0'),
(22, 0, '_EXPECTEDSTEP_22_0'),
(23, 0, '_EXPECTEDSTEP_23_0'),
(24, 0, '_EXPECTEDSTEP_24_0'),
(25, 0, '_EXPECTEDSTEP_25_0'),
(26, 0, '_EXPECTEDSTEP_26_0'),
(27, 0, '_EXPECTEDSTEP_27_0'),
(28, 0, '_EXPECTEDSTEP_28_0'),
(29, 0, '_EXPECTEDSTEP_29_0'),
(30, 0, '_EXPECTEDSTEP_30_0'),
(31, 0, '_EXPECTEDSTEP_31_0'),
(32, 0, '_EXPECTEDSTEP_32_0'),
(33, 0, '_EXPECTEDSTEP_33_0'),
(34, 0, '_EXPECTEDSTEP_34_0'),
(35, 0, '_EXPECTEDSTEP_35_0'),
(36, 0, '_EXPECTEDSTEP_36_0'),
(37, 0, '_EXPECTEDSTEP_37_0'),
(38, 0, '_EXPECTEDSTEP_38_0'),
(39, 0, '_EXPECTEDSTEP_39_0'),
(40, 0, '_EXPECTEDSTEP_40_0'),
(41, 0, '_EXPECTEDSTEP_41_0'),
(42, 0, '_EXPECTEDSTEP_42_0'),
(43, 0, '_EXPECTEDSTEP_43_0'),
(44, 0, '_EXPECTEDSTEP_44_0'),
(45, 0, '_EXPECTEDSTEP_45_0'),
(46, 0, '_EXPECTEDSTEP_46_0'),
(47, 0, '_EXPECTEDSTEP_47_0'),
(48, 0, '_EXPECTEDSTEP_48_0'),
(49, 0, '_EXPECTEDSTEP_49_0'),
(50, 0, '_EXPECTEDSTEP_50_0'),
(51, 0, '_EXPECTEDSTEP_51_0'),
(52, 0, '_EXPECTEDSTEP_52_0'),
(53, 0, '_EXPECTEDSTEP_53_0'),
(54, 0, '_EXPECTEDSTEP_54_0'),
(55, 0, '_EXPECTEDSTEP_55_0'),
(57, 0, '_EXPECTEDSTEP_57_0'),
(58, 0, '_EXPECTEDSTEP_58_0'),
(59, 0, '_EXPECTEDSTEP_59_0'),
(60, 0, '_EXPECTEDSTEP_60_0'),
(61, 0, '_EXPECTEDSTEP_61_0'),
(62, 0, '_EXPECTEDSTEP_62_0'),
(62, 1, '_EXPECTEDSTEP_62_1'),
(63, 0, '_EXPECTEDSTEP_63_0'),
(63, 1, '_EXPECTEDSTEP_63_1'),
(64, 0, '_EXPECTEDSTEP_64_0'),
(65, 0, '_EXPECTEDSTEP_65_0'),
(66, 0, '_EXPECTEDSTEP_66_0'),
(68, 0, '_EXPECTEDSTEP_68_0'),
(69, 0, '_EXPECTEDSTEP_69_0'),
(70, 0, '_EXPECTEDSTEP_70_0'),
(71, 0, '_EXPECTEDSTEP_71_0'),
(72, 0, '_EXPECTEDSTEP_72_0'),
(73, 0, '_EXPECTEDSTEP_73_0'),
(74, 0, '_EXPECTEDSTEP_74_0'),
(75, 0, '_EXPECTEDSTEP_75_0'),
(76, 0, '_EXPECTEDSTEP_76_0'),
(77, 0, '_EXPECTEDSTEP_77_0'),
(78, 0, '_EXPECTEDSTEP_78_0'),
(79, 0, '_EXPECTEDSTEP_79_0'),
(80, 0, '_EXPECTEDSTEP_80_0'),
(81, 0, '_EXPECTEDSTEP_81_0'),
(82, 0, '_EXPECTEDSTEP_82_0'),
(83, 0, '_EXPECTEDSTEP_83_0'),
(84, 0, '_EXPECTEDSTEP_84_0'),
(86, 0, '_EXPECTEDSTEP_86_0'),
(87, 0, '_EXPECTEDSTEP_87_0'),
(88, 0, '_EXPECTEDSTEP_88_0'),
(89, 0, '_EXPECTEDSTEP_89_0'),
(90, 0, '_EXPECTEDSTEP_90_0'),
(91, 0, '_EXPECTEDSTEP_91_0'),
(92, 0, '_EXPECTEDSTEP_92_0'),
(94, 0, '_EXPECTEDSTEP_94_0'),
(95, 0, '_EXPECTEDSTEP_95_0'),
(96, 0, '_EXPECTEDSTEP_96_0'),
(97, 0, '_EXPECTEDSTEP_97_0'),
(98, 0, '_EXPECTEDSTEP_98_0'),
(99, 0, '_EXPECTEDSTEP_99_0'),
(100, 0, '_EXPECTEDSTEP_100_0'),
(100, 1, '_EXPECTEDSTEP_100_1'),
(101, 0, '_EXPECTEDSTEP_101_0'),
(102, 0, '_EXPECTEDSTEP_102_0'),
(103, 0, '_EXPECTEDSTEP_103_0'),
(104, 0, '_EXPECTEDSTEP_104_0'),
(105, 0, '_EXPECTEDSTEP_105_0'),
(106, 0, '_EXPECTEDSTEP_106_0'),
(107, 0, '_EXPECTEDSTEP_107_0'),
(108, 0, '_EXPECTEDSTEP_108_0'),
(109, 0, '_EXPECTEDSTEP_109_0'),
(110, 0, '_EXPECTEDSTEP_110_0'),
(111, 0, '_EXPECTEDSTEP_111_0'),
(112, 0, '_EXPECTEDSTEP_112_0'),
(113, 0, '_EXPECTEDSTEP_113_0'),
(114, 0, '_EXPECTEDSTEP_114_0'),
(115, 0, '_EXPECTEDSTEP_115_0'),
(116, 0, '_EXPECTEDSTEP_116_0'),
(117, 0, '_EXPECTEDSTEP_117_0'),
(118, 0, '_EXPECTEDSTEP_118_0'),
(119, 0, '_EXPECTEDSTEP_119_0'),
(120, 0, '_EXPECTEDSTEP_120_0'),
(121, 0, '_EXPECTEDSTEP_121_0'),
(122, 0, '_EXPECTEDSTEP_122_0'),
(123, 0, '_EXPECTEDSTEP_123_0'),
(124, 0, '_EXPECTEDSTEP_124_0'),
(125, 0, '_EXPECTEDSTEP_125_0'),
(126, 0, '_EXPECTEDSTEP_126_0'),
(127, 0, '_EXPECTEDSTEP_127_0'),
(128, 0, '_EXPECTEDSTEP_128_0'),
(129, 0, '_EXPECTEDSTEP_129_0'),
(131, 0, '_EXPECTEDSTEP_131_0'),
(132, 0, '_EXPECTEDSTEP_132_0'),
(133, 0, '_EXPECTEDSTEP_133_0'),
(134, 0, '_EXPECTEDSTEP_134_0'),
(135, 0, '_EXPECTEDSTEP_135_0'),
(136, 0, '_EXPECTEDSTEP_136_0'),
(137, 0, '_EXPECTEDSTEP_137_0'),
(138, 0, '_EXPECTEDSTEP_138_0'),
(139, 0, '_EXPECTEDSTEP_139_0'),
(140, 0, '_EXPECTEDSTEP_140_0'),
(141, 0, '_EXPECTEDSTEP_141_0'),
(142, 0, '_EXPECTEDSTEP_142_0'),
(143, 0, '_EXPECTEDSTEP_143_0'),
(144, 0, '_EXPECTEDSTEP_144_0'),
(145, 0, '_EXPECTEDSTEP_145_0'),
(146, 0, '_EXPECTEDSTEP_146_0'),
(147, 0, '_EXPECTEDSTEP_147_0'),
(148, 0, '_EXPECTEDSTEP_148_0'),
(149, 0, '_EXPECTEDSTEP_149_0'),
(150, 0, '_EXPECTEDSTEP_150_0'),
(151, 0, '_EXPECTEDSTEP_151_0'),
(152, 0, '_EXPECTEDSTEP_152_0'),
(153, 0, '_EXPECTEDSTEP_153_0'),
(154, 0, '_EXPECTEDSTEP_154_0'),
(155, 0, '_EXPECTEDSTEP_155_0'),
(156, 0, '_EXPECTEDSTEP_156_0'),
(157, 0, '_EXPECTEDSTEP_157_0'),
(158, 0, '_EXPECTEDSTEP_158_0'),
(159, 0, '_EXPECTEDSTEP_159_0'),
(160, 0, '_EXPECTEDSTEP_160_0'),
(161, 0, '_EXPECTEDSTEP_161_0'),
(162, 0, '_EXPECTEDSTEP_162_0'),
(163, 0, '_EXPECTEDSTEP_163_0'),
(164, 0, '_EXPECTEDSTEP_164_0'),
(165, 0, '_EXPECTEDSTEP_165_0'),
(166, 0, '_EXPECTEDSTEP_166_0'),
(167, 0, '_EXPECTEDSTEP_167_0'),
(168, 0, '_EXPECTEDSTEP_168_0'),
(169, 0, '_EXPECTEDSTEP_169_0'),
(173, 0, '_EXPECTEDSTEP_173_0'),
(174, 0, '_EXPECTEDSTEP_174_0'),
(175, 0, '_EXPECTEDSTEP_175_0'),
(176, 0, '_EXPECTEDSTEP_176_0'),
(177, 0, '_EXPECTEDSTEP_177_0'),
(178, 0, '_EXPECTEDSTEP_178_0'),
(179, 0, '_EXPECTEDSTEP_179_0'),
(180, 0, '_EXPECTEDSTEP_180_0'),
(181, 0, '_EXPECTEDSTEP_181_0'),
(182, 0, '_EXPECTEDSTEP_182_0'),
(183, 0, '_EXPECTEDSTEP_183_0'),
(184, 0, '_EXPECTEDSTEP_184_0'),
(185, 0, '_EXPECTEDSTEP_185_0'),
(186, 0, '_EXPECTEDSTEP_186_0'),
(187, 0, '_EXPECTEDSTEP_187_0'),
(188, 0, '_EXPECTEDSTEP_188_0'),
(189, 0, '_EXPECTEDSTEP_189_0'),
(190, 0, '_EXPECTEDSTEP_190_0'),
(191, 0, '_EXPECTEDSTEP_191_0'),
(192, 0, '_EXPECTEDSTEP_192_0'),
(193, 0, '_EXPECTEDSTEP_193_0'),
(194, 0, '_EXPECTEDSTEP_194_0'),
(195, 0, '_EXPECTEDSTEP_195_0'),
(196, 0, '_EXPECTEDSTEP_196_0'),
(197, 0, '_EXPECTEDSTEP_197_0'),
(198, 0, '_EXPECTEDSTEP_198_0'),
(199, 0, '_EXPECTEDSTEP_199_0'),
(200, 0, '_EXPECTEDSTEP_200_0'),
(201, 0, '_EXPECTEDSTEP_201_0'),
(202, 0, '_EXPECTEDSTEP_202_0'),
(203, 0, '_EXPECTEDSTEP_203_0'),
(204, 0, '_EXPECTEDSTEP_204_0'),
(205, 0, '_EXPECTEDSTEP_205_0'),
(206, 0, '_EXPECTEDSTEP_206_0'),
(207, 0, '_EXPECTEDSTEP_207_0'),
(208, 0, '_EXPECTEDSTEP_208_0'),
(209, 0, '_EXPECTEDSTEP_209_0'),
(210, 0, '_EXPECTEDSTEP_210_0'),
(211, 0, '_EXPECTEDSTEP_211_0'),
(212, 0, '_EXPECTEDSTEP_212_0'),
(213, 0, '_EXPECTEDSTEP_213_0'),
(214, 0, '_EXPECTEDSTEP_214_0'),
(216, 0, '_EXPECTEDSTEP_216_0'),
(217, 0, '_EXPECTEDSTEP_217_0'),
(218, 0, '_EXPECTEDSTEP_218_0'),
(219, 0, '_EXPECTEDSTEP_219_0'),
(220, 0, '_EXPECTEDSTEP_220_0'),
(221, 0, '_EXPECTEDSTEP_221_0'),
(222, 0, '_EXPECTEDSTEP_222_0'),
(223, 0, '_EXPECTEDSTEP_223_0'),
(224, 0, '_EXPECTEDSTEP_224_0'),
(225, 0, '_EXPECTEDSTEP_225_0'),
(226, 0, '_EXPECTEDSTEP_226_0'),
(226, 1, '_EXPECTEDSTEP_226_1'),
(227, 0, '_EXPECTEDSTEP_227_0'),
(227, 1, '_EXPECTEDSTEP_227_1'),
(228, 0, '_EXPECTEDSTEP_228_0'),
(228, 1, '_EXPECTEDSTEP_228_1'),
(229, 0, '_EXPECTEDSTEP_229_0'),
(229, 1, '_EXPECTEDSTEP_229_1'),
(230, 0, '_EXPECTEDSTEP_230_0'),
(231, 0, '_EXPECTEDSTEP_231_0'),
(232, 0, '_EXPECTEDSTEP_232_0'),
(233, 0, '_EXPECTEDSTEP_233_0'),
(234, 0, '_EXPECTEDSTEP_234_0'),
(235, 0, '_EXPECTEDSTEP_235_0'),
(236, 0, '_EXPECTEDSTEP_236_0'),
(237, 0, '_EXPECTEDSTEP_237_0'),
(238, 0, '_EXPECTEDSTEP_238_0'),
(239, 0, '_EXPECTEDSTEP_239_0'),
(240, 0, '_EXPECTEDSTEP_240_0'),
(241, 0, '_EXPECTEDSTEP_241_0'),
(242, 0, '_EXPECTEDSTEP_242_0'),
(243, 0, '_EXPECTEDSTEP_243_0'),
(244, 0, '_EXPECTEDSTEP_244_0'),
(245, 0, '_EXPECTEDSTEP_245_0'),
(246, 0, '_EXPECTEDSTEP_246_0'),
(247, 0, '_EXPECTEDSTEP_247_0'),
(248, 0, '_EXPECTEDSTEP_248_0'),
(249, 0, '_EXPECTEDSTEP_249_0'),
(250, 0, '_EXPECTEDSTEP_250_0'),
(251, 0, '_EXPECTEDSTEP_251_0'),
(252, 0, '_EXPECTEDSTEP_252_0'),
(253, 0, '_EXPECTEDSTEP_253_0'),
(254, 0, '_EXPECTEDSTEP_254_0'),
(255, 0, '_EXPECTEDSTEP_255_0'),
(256, 0, '_EXPECTEDSTEP_256_0'),
(257, 0, '_EXPECTEDSTEP_257_0'),
(258, 0, '_EXPECTEDSTEP_258_0'),
(259, 0, '_EXPECTEDSTEP_259_0'),
(260, 0, '_EXPECTEDSTEP_260_0'),
(261, 0, '_EXPECTEDSTEP_261_0'),
(262, 0, '_EXPECTEDSTEP_262_0'),
(263, 0, '_EXPECTEDSTEP_263_0'),
(264, 0, '_EXPECTEDSTEP_264_0'),
(265, 0, '_EXPECTEDSTEP_265_0'),
(266, 0, '_EXPECTEDSTEP_266_0'),
(267, 0, '_EXPECTEDSTEP_267_0'),
(268, 0, '_EXPECTEDSTEP_268_0'),
(269, 0, '_EXPECTEDSTEP_269_0'),
(270, 0, '_EXPECTEDSTEP_270_0'),
(271, 0, '_EXPECTEDSTEP_271_0'),
(272, 0, '_EXPECTEDSTEP_272_0'),
(273, 0, '_EXPECTEDSTEP_273_0'),
(274, 0, '_EXPECTEDSTEP_274_0'),
(275, 0, '_EXPECTEDSTEP_275_0'),
(276, 0, '_EXPECTEDSTEP_276_0');


-- Table structure for table `test_fail`

CREATE TABLE `test_fail` (
  `check_id` mediumint(8) unsigned NOT NULL,
  `step_id` mediumint(8) unsigned NOT NULL,
  `step` text,
  PRIMARY KEY  (`check_id`,`step_id`)
) ENGINE=MyISAM DEFAULT CHARSET=utf8;

-- Dumping data for table `test_fail`

INSERT INTO `test_fail` (`check_id`, `step_id`, `step`) VALUES
(1, 0, '_FAILSTEP_1_0'),
(2, 0, '_FAILSTEP_2_0'),
(3, 0, '_FAILSTEP_3_0'),
(4, 0, '_FAILSTEP_4_0'),
(5, 0, '_FAILSTEP_5_0'),
(6, 0, '_FAILSTEP_6_0'),
(7, 0, '_FAILSTEP_7_0'),
(8, 0, '_FAILSTEP_8_0'),
(9, 0, '_FAILSTEP_9_0'),
(10, 0, '_FAILSTEP_10_0'),
(11, 0, '_FAILSTEP_11_0'),
(12, 0, '_FAILSTEP_12_0'),
(13, 0, '_FAILSTEP_13_0'),
(14, 0, '_FAILSTEP_14_0'),
(15, 0, '_FAILSTEP_15_0'),
(16, 0, '_FAILSTEP_16_0'),
(17, 0, '_FAILSTEP_17_0'),
(18, 0, '_FAILSTEP_18_0'),
(19, 0, '_FAILSTEP_19_0'),
(20, 0, '_FAILSTEP_20_0'),
(21, 0, '_FAILSTEP_21_0'),
(22, 0, '_FAILSTEP_22_0'),
(23, 0, '_FAILSTEP_23_0'),
(24, 0, '_FAILSTEP_24_0'),
(25, 0, '_FAILSTEP_25_0'),
(26, 0, '_FAILSTEP_26_0'),
(27, 0, '_FAILSTEP_27_0'),
(28, 0, '_FAILSTEP_28_0'),
(29, 0, '_FAILSTEP_29_0'),
(30, 0, '_FAILSTEP_30_0'),
(31, 0, '_FAILSTEP_31_0'),
(32, 0, '_FAILSTEP_32_0'),
(33, 0, '_FAILSTEP_33_0'),
(34, 0, '_FAILSTEP_34_0'),
(34, 1, '_FAILSTEP_34_1'),
(35, 0, '_FAILSTEP_35_0'),
(36, 0, '_FAILSTEP_36_0'),
(37, 0, '_FAILSTEP_37_0'),
(38, 0, '_FAILSTEP_38_0'),
(39, 0, '_FAILSTEP_39_0'),
(40, 0, '_FAILSTEP_40_0'),
(41, 0, '_FAILSTEP_41_0'),
(42, 0, '_FAILSTEP_42_0'),
(43, 0, '_FAILSTEP_43_0'),
(44, 0, '_FAILSTEP_44_0'),
(45, 0, '_FAILSTEP_45_0'),
(46, 0, '_FAILSTEP_46_0'),
(47, 0, '_FAILSTEP_47_0'),
(48, 0, '_FAILSTEP_48_0'),
(49, 0, '_FAILSTEP_49_0'),
(50, 0, '_FAILSTEP_50_0'),
(51, 0, '_FAILSTEP_51_0'),
(52, 0, '_FAILSTEP_52_0'),
(53, 0, '_FAILSTEP_53_0'),
(54, 0, '_FAILSTEP_54_0'),
(55, 0, '_FAILSTEP_55_0'),
(57, 0, '_FAILSTEP_57_0'),
(57, 1, '_FAILSTEP_57_1'),
(57, 2, '_FAILSTEP_57_2'),
(57, 3, '_FAILSTEP_57_3'),
(57, 4, '_FAILSTEP_57_4'),
(58, 0, '_FAILSTEP_58_0'),
(58, 1, '_FAILSTEP_58_1'),
(59, 0, '_FAILSTEP_59_0'),
(60, 0, '_FAILSTEP_60_0'),
(61, 0, '_FAILSTEP_61_0'),
(62, 0, '_FAILSTEP_62_0'),
(63, 0, '_FAILSTEP_63_0'),
(64, 0, '_FAILSTEP_64_0'),
(65, 0, '_FAILSTEP_65_0'),
(66, 0, '_FAILSTEP_66_0'),
(68, 0, '_FAILSTEP_68_0'),
(69, 0, '_FAILSTEP_69_0'),
(70, 0, '_FAILSTEP_70_0'),
(71, 0, '_FAILSTEP_71_0'),
(72, 0, '_FAILSTEP_72_0'),
(72, 1, '_FAILSTEP_72_1'),
(72, 2, '_FAILSTEP_72_2'),
(73, 0, '_FAILSTEP_73_0'),
(74, 0, '_FAILSTEP_74_0'),
(75, 0, '_FAILSTEP_75_0'),
(76, 0, '_FAILSTEP_76_0'),
(77, 0, '_FAILSTEP_77_0'),
(77, 1, '_FAILSTEP_77_1'),
(78, 0, '_FAILSTEP_78_0'),
(79, 0, '_FAILSTEP_79_0'),
(80, 0, '_FAILSTEP_80_0'),
(80, 1, '_FAILSTEP_80_1'),
(81, 0, '_FAILSTEP_81_0'),
(82, 0, '_FAILSTEP_82_0'),
(83, 0, '_FAILSTEP_83_0'),
(84, 0, '_FAILSTEP_84_0'),
(86, 0, '_FAILSTEP_86_0'),
(87, 0, '_FAILSTEP_87_0'),
(88, 0, '_FAILSTEP_88_0'),
(89, 0, '_FAILSTEP_89_0'),
(90, 0, '_FAILSTEP_90_0'),
(91, 0, '_FAILSTEP_91_0'),
(91, 1, '_FAILSTEP_91_1'),
(91, 2, '_FAILSTEP_91_2'),
(91, 3, '_FAILSTEP_91_3'),
(91, 4, '_FAILSTEP_91_4'),
(92, 0, '_FAILSTEP_92_0'),
(94, 0, '_FAILSTEP_94_0'),
(95, 0, '_FAILSTEP_95_0'),
(95, 1, '_FAILSTEP_95_1'),
(95, 2, '_FAILSTEP_95_2'),
(95, 3, '_FAILSTEP_95_3'),
(95, 4, '_FAILSTEP_95_4'),
(96, 0, '_FAILSTEP_96_0'),
(97, 0, '_FAILSTEP_97_0'),
(98, 0, '_FAILSTEP_98_0'),
(99, 0, '_FAILSTEP_99_0'),
(100, 0, '_FAILSTEP_100_0'),
(101, 0, '_FAILSTEP_101_0'),
(102, 0, '_FAILSTEP_102_0'),
(103, 0, '_FAILSTEP_103_0'),
(104, 0, '_FAILSTEP_104_0'),
(105, 0, '_FAILSTEP_105_0'),
(106, 0, '_FAILSTEP_106_0'),
(107, 0, '_FAILSTEP_107_0'),
(108, 0, '_FAILSTEP_108_0'),
(109, 0, '_FAILSTEP_109_0'),
(110, 0, '_FAILSTEP_110_0'),
(111, 0, '_FAILSTEP_111_0'),
(112, 0, '_FAILSTEP_112_0'),
(113, 0, '_FAILSTEP_113_0'),
(114, 0, '_FAILSTEP_114_0'),
(115, 0, '_FAILSTEP_115_0'),
(116, 0, '_FAILSTEP_116_0'),
(117, 0, '_FAILSTEP_117_0'),
(118, 0, '_FAILSTEP_118_0'),
(118, 1, '_FAILSTEP_118_1'),
(118, 2, '_FAILSTEP_118_2'),
(118, 3, '_FAILSTEP_118_3'),
(118, 4, '_FAILSTEP_118_4'),
(119, 0, '_FAILSTEP_119_0'),
(119, 1, '_FAILSTEP_119_1'),
(119, 2, '_FAILSTEP_119_2'),
(119, 3, '_FAILSTEP_119_3'),
(119, 4, '_FAILSTEP_119_4'),
(120, 0, '_FAILSTEP_120_0'),
(120, 1, '_FAILSTEP_120_1'),
(120, 2, '_FAILSTEP_120_2'),
(120, 3, '_FAILSTEP_120_3'),
(120, 4, '_FAILSTEP_120_4'),
(121, 0, '_FAILSTEP_121_0'),
(121, 1, '_FAILSTEP_121_1'),
(121, 2, '_FAILSTEP_121_2'),
(121, 3, '_FAILSTEP_121_3'),
(121, 4, '_FAILSTEP_121_4'),
(122, 0, '_FAILSTEP_122_0'),
(123, 0, '_FAILSTEP_123_0'),
(124, 0, '_FAILSTEP_124_0'),
(125, 0, '_FAILSTEP_125_0'),
(126, 0, '_FAILSTEP_126_0'),
(127, 0, '_FAILSTEP_127_0'),
(128, 0, '_FAILSTEP_128_0'),
(129, 0, '_FAILSTEP_129_0'),
(131, 0, '_FAILSTEP_131_0'),
(132, 0, '_FAILSTEP_132_0'),
(133, 0, '_FAILSTEP_133_0'),
(134, 0, '_FAILSTEP_134_0'),
(135, 0, '_FAILSTEP_135_0'),
(136, 0, '_FAILSTEP_136_0'),
(137, 0, '_FAILSTEP_137_0'),
(138, 0, '_FAILSTEP_138_0'),
(139, 0, '_FAILSTEP_139_0'),
(140, 0, '_FAILSTEP_140_0'),
(141, 0, '_FAILSTEP_141_0'),
(142, 0, '_FAILSTEP_142_0'),
(143, 0, '_FAILSTEP_143_0'),
(143, 1, '_FAILSTEP_143_1'),
(144, 0, '_FAILSTEP_144_0'),
(144, 1, '_FAILSTEP_144_1'),
(145, 0, '_FAILSTEP_145_0'),
(146, 0, '_FAILSTEP_146_0'),
(147, 0, '_FAILSTEP_147_0'),
(148, 0, '_FAILSTEP_148_0'),
(149, 0, '_FAILSTEP_149_0'),
(150, 0, '_FAILSTEP_150_0'),
(151, 0, '_FAILSTEP_151_0'),
(152, 0, '_FAILSTEP_152_0'),
(153, 0, '_FAILSTEP_153_0'),
(154, 0, '_FAILSTEP_154_0'),
(155, 0, '_FAILSTEP_155_0'),
(156, 0, '_FAILSTEP_156_0'),
(157, 0, '_FAILSTEP_157_0'),
(158, 0, '_FAILSTEP_158_0'),
(159, 0, '_FAILSTEP_159_0'),
(160, 0, '_FAILSTEP_160_0'),
(161, 0, '_FAILSTEP_161_0'),
(162, 0, '_FAILSTEP_162_0'),
(163, 0, '_FAILSTEP_163_0'),
(163, 1, '_FAILSTEP_163_1'),
(164, 0, '_FAILSTEP_164_0'),
(165, 0, '_FAILSTEP_165_0'),
(166, 0, '_FAILSTEP_166_0'),
(167, 0, '_FAILSTEP_167_0'),
(168, 0, '_FAILSTEP_168_0'),
(169, 0, '_FAILSTEP_169_0'),
(173, 0, '_FAILSTEP_173_0'),
(174, 0, '_FAILSTEP_174_0'),
(175, 0, '_FAILSTEP_175_0'),
(176, 0, '_FAILSTEP_176_0'),
(177, 0, '_FAILSTEP_177_0'),
(178, 0, '_FAILSTEP_178_0'),
(179, 0, '_FAILSTEP_179_0'),
(180, 0, '_FAILSTEP_180_0'),
(181, 0, '_FAILSTEP_181_0'),
(182, 0, '_FAILSTEP_182_0'),
(183, 0, '_FAILSTEP_183_0'),
(184, 0, '_FAILSTEP_184_0'),
(185, 0, '_FAILSTEP_185_0'),
(186, 0, '_FAILSTEP_186_0'),
(187, 0, '_FAILSTEP_187_0'),
(188, 0, '_FAILSTEP_188_0'),
(189, 0, '_FAILSTEP_189_0'),
(190, 0, '_FAILSTEP_190_0'),
(191, 0, '_FAILSTEP_191_0'),
(192, 0, '_FAILSTEP_192_0'),
(193, 0, '_FAILSTEP_193_0'),
(194, 0, '_FAILSTEP_194_0'),
(195, 0, '_FAILSTEP_195_0'),
(196, 0, '_FAILSTEP_196_0'),
(197, 0, '_FAILSTEP_197_0'),
(198, 0, '_FAILSTEP_198_0'),
(199, 0, '_FAILSTEP_199_0'),
(200, 0, '_FAILSTEP_200_0'),
(201, 0, '_FAILSTEP_201_0'),
(202, 0, '_FAILSTEP_202_0'),
(203, 0, '_FAILSTEP_203_0'),
(204, 0, '_FAILSTEP_204_0'),
(205, 0, '_FAILSTEP_205_0'),
(206, 0, '_FAILSTEP_206_0'),
(207, 0, '_FAILSTEP_207_0'),
(208, 0, '_FAILSTEP_208_0'),
(209, 0, '_FAILSTEP_209_0'),
(210, 0, '_FAILSTEP_210_0'),
(211, 0, '_FAILSTEP_211_0'),
(212, 0, '_FAILSTEP_212_0'),
(213, 0, '_FAILSTEP_213_0'),
(214, 0, '_FAILSTEP_214_0'),
(216, 0, '_FAILSTEP_216_0'),
(217, 0, '_FAILSTEP_217_0'),
(218, 0, '_FAILSTEP_218_0'),
(219, 0, '_FAILSTEP_219_0'),
(220, 0, '_FAILSTEP_220_0'),
(221, 0, '_FAILSTEP_221_0'),
(221, 1, '_FAILSTEP_221_1'),
(222, 0, '_FAILSTEP_222_0'),
(222, 1, '_FAILSTEP_222_1'),
(223, 0, '_FAILSTEP_223_0'),
(223, 1, '_FAILSTEP_223_1'),
(224, 0, '_FAILSTEP_224_0'),
(224, 1, '_FAILSTEP_224_1'),
(225, 0, '_FAILSTEP_225_0'),
(226, 0, '_FAILSTEP_226_0'),
(226, 1, '_FAILSTEP_226_1'),
(227, 0, '_FAILSTEP_227_0'),
(227, 1, '_FAILSTEP_227_1'),
(228, 0, '_FAILSTEP_228_0'),
(228, 1, '_FAILSTEP_228_1'),
(229, 0, '_FAILSTEP_229_0'),
(229, 1, '_FAILSTEP_229_1'),
(230, 0, '_FAILSTEP_230_0'),
(231, 0, '_FAILSTEP_231_0'),
(232, 0, '_FAILSTEP_232_0'),
(233, 0, '_FAILSTEP_233_0'),
(234, 0, '_FAILSTEP_234_0'),
(235, 0, '_FAILSTEP_235_0'),
(236, 0, '_FAILSTEP_236_0'),
(237, 0, '_FAILSTEP_237_0'),
(238, 0, '_FAILSTEP_238_0'),
(239, 0, '_FAILSTEP_239_0'),
(240, 0, '_FAILSTEP_240_0'),
(241, 0, '_FAILSTEP_241_0'),
(242, 0, '_FAILSTEP_242_0'),
(243, 0, '_FAILSTEP_243_0'),
(244, 0, '_FAILSTEP_244_0'),
(245, 0, '_FAILSTEP_245_0'),
(246, 0, '_FAILSTEP_246_0'),
(247, 0, '_FAILSTEP_247_0'),
(248, 0, '_FAILSTEP_248_0'),
(249, 0, '_FAILSTEP_249_0'),
(250, 0, '_FAILSTEP_250_0'),
(251, 0, '_FAILSTEP_251_0'),
(252, 0, '_FAILSTEP_252_0'),
(253, 0, '_FAILSTEP_253_0'),
(254, 0, '_FAILSTEP_254_0'),
(254, 1, '_FAILSTEP_254_1'),
(255, 0, '_FAILSTEP_255_0'),
(255, 1, '_FAILSTEP_255_1'),
(256, 0, '_FAILSTEP_256_0'),
(256, 1, '_FAILSTEP_256_1'),
(257, 0, '_FAILSTEP_257_0'),
(257, 1, '_FAILSTEP_257_1'),
(258, 0, '_FAILSTEP_258_0'),
(259, 0, '_FAILSTEP_259_0'),
(260, 0, '_FAILSTEP_260_0'),
(261, 0, '_FAILSTEP_261_0'),
(262, 0, '_FAILSTEP_262_0'),
(263, 0, '_FAILSTEP_263_0'),
(264, 0, '_FAILSTEP_264_0'),
(265, 0, '_FAILSTEP_265_0'),
(266, 0, '_FAILSTEP_266_0'),
(267, 0, '_FAILSTEP_267_0'),
(268, 0, '_FAILSTEP_268_0'),
(269, 0, '_FAILSTEP_269_0'),
(270, 0, '_FAILSTEP_270_0'),
(271, 0, '_FAILSTEP_271_0'),
(272, 0, '_FAILSTEP_272_0'),
(273, 0, '_FAILSTEP_273_0'),
(274, 0, '_FAILSTEP_274_0'),
(275, 0, '_FAILSTEP_275_0'),
(276, 0, '_FAILSTEP_276_0');


-- Table structure for table `test_files`

CREATE TABLE `test_files` (
  `check_id` mediumint(8) unsigned NOT NULL,
  `file_id` mediumint(8) unsigned NOT NULL,
  `file_type` varchar(50) default NULL COMMENT 'Values: pass, fail',
  `source` varchar(100) default NULL COMMENT 'Name of the source file',
  `description` text,
  PRIMARY KEY  (`check_id`,`file_id`)
) ENGINE=MyISAM DEFAULT CHARSET=utf8;

-- Dumping data for table `test_files`

INSERT INTO `test_files` (`check_id`, `file_id`, `file_type`, `source`, `description`) VALUES
(1, 0, 'positive', '1-1.html', '_FILEDESC_1_0'),
(1, 1, 'negative', '1-2.html', '_FILEDESC_1_1'),
(2, 0, 'positive', '2-1.html', '_FILEDESC_2_0'),
(2, 1, 'negative', '2-2.html', '_FILEDESC_2_1'),
(3, 0, 'positive', '3-1.html', '_FILEDESC_3_0'),
(3, 1, 'negative', '3-2.html', '_FILEDESC_3_1'),
(4, 0, 'positive', '4-1.html', '_FILEDESC_4_0'),
(4, 1, 'negative', '4-2.html', '_FILEDESC_4_1'),
(5, 0, 'positive', '5-1.html', '_FILEDESC_5_0'),
(5, 1, 'negative', '5-2.html', '_FILEDESC_5_1'),
(6, 0, 'positive', '6-5.html', '_FILEDESC_6_0'),
(6, 1, 'positive', '6-6.html', '_FILEDESC_6_1'),
(6, 2, 'negative', '6-2.html', '_FILEDESC_6_2'),
(7, 0, 'positive', '7-1.html', '_FILEDESC_7_0'),
(7, 1, 'negative', '7-2.html', '_FILEDESC_7_1'),
(8, 0, 'positive', '8-1.html', '_FILEDESC_8_0'),
(8, 1, 'negative', '8-2.html', '_FILEDESC_8_1'),
(8, 2, 'positive', '8-3.html', '_FILEDESC_8_2'),
(8, 3, 'negative', '8-4.html', '_FILEDESC_8_3'),
(8, 4, 'negative', '8-5.html', '_FILEDESC_8_4'),
(9, 0, 'positive', '9-1.html', '_FILEDESC_9_0'),
(9, 1, 'negative', '9-2.html', '_FILEDESC_9_1'),
(10, 0, 'positive', '10-1.html', '_FILEDESC_10_0'),
(10, 1, 'negative', '10-2.html', '_FILEDESC_10_1'),
(11, 0, 'positive', '11-1.html', '_FILEDESC_11_0'),
(11, 1, 'negative', '11-2.html', '_FILEDESC_11_1'),
(12, 0, 'positive', '12-1.html', '_FILEDESC_12_0'),
(12, 1, 'negative', '12-2.html', '_FILEDESC_12_1'),
(13, 0, 'positive', '13-1.html', '_FILEDESC_13_0'),
(13, 1, 'positive', '13-3.html', '_FILEDESC_13_1'),
(13, 2, 'negative', '13-2.html', '_FILEDESC_13_2'),
(14, 0, 'positive', '14-1.html', '_FILEDESC_14_0'),
(14, 1, 'negative', '14-2.html', '_FILEDESC_14_1'),
(14, 2, 'negative', '14-3.html', '_FILEDESC_14_2'),
(15, 0, 'positive', '15-1.html', '_FILEDESC_15_0'),
(15, 1, 'negative', '15-2.html', '_FILEDESC_15_1'),
(16, 0, 'positive', '16-1.html', '_FILEDESC_16_0'),
(16, 1, 'negative', '16-2.html', '_FILEDESC_16_1'),
(16, 2, 'positive', '16-3.html', '_FILEDESC_16_2'),
(16, 3, 'negative', '16-4.html', '_FILEDESC_16_3'),
(17, 0, 'positive', '17-1.html', '_FILEDESC_17_0'),
(17, 1, 'positive', '17-3.html', '_FILEDESC_17_1'),
(17, 2, 'positive', '17-4.html', '_FILEDESC_17_2'),
(17, 3, 'positive', '17-5.html', '_FILEDESC_17_3'),
(17, 4, 'positive', '17-6.html', '_FILEDESC_17_4'),
(17, 5, 'positive', '17-7.html', '_FILEDESC_17_5'),
(17, 6, 'positive', '17-8.html', '_FILEDESC_17_6'),
(17, 7, 'positive', '17-9.html', '_FILEDESC_17_7'),
(17, 8, 'positive', '17-10.html', '_FILEDESC_17_8'),
(17, 9, 'positive', '17-11.html', '_FILEDESC_17_9'),
(17, 10, 'positive', '17-12.html', '_FILEDESC_17_10'),
(17, 11, 'negative', '17-2.html', '_FILEDESC_17_11'),
(18, 0, 'positive', '18-1.html', '_FILEDESC_18_0'),
(18, 1, 'negative', '18-2.html', '_FILEDESC_18_1'),
(18, 2, 'negative', '18-3.html', '_FILEDESC_18_2'),
(18, 3, 'negative', '18-4.html', '_FILEDESC_18_3'),
(19, 0, 'positive', '19-1.html', '_FILEDESC_19_0'),
(19, 1, 'negative', '19-2.html', '_FILEDESC_19_1'),
(20, 0, 'positive', '20-1.html', '_FILEDESC_20_0'),
(20, 1, 'negative', '20-2.html', '_FILEDESC_20_1'),
(20, 2, 'positive', '20-3.html', '_FILEDESC_20_2'),
(20, 3, 'positive', '20-4.html', '_FILEDESC_20_3'),
(20, 4, 'positive', '20-5.html', '_FILEDESC_20_4'),
(20, 5, 'positive', '20-6.html', '_FILEDESC_20_5'),
(21, 0, 'positive', '21-1.html', '_FILEDESC_21_0'),
(21, 1, 'negative', '21-2.html', '_FILEDESC_21_1'),
(22, 0, 'positive', '22-1.html', '_FILEDESC_22_0'),
(22, 1, 'negative', '22-2.html', '_FILEDESC_22_1'),
(23, 0, 'positive', '23-1.html', '_FILEDESC_23_0'),
(23, 1, 'positive', '23-3.html', '_FILEDESC_23_1'),
(23, 2, 'negative', '23-2.html', '_FILEDESC_23_2'),
(24, 0, 'positive', '24-1.html', '_FILEDESC_24_0'),
(24, 1, 'negative', '24-2.html', '_FILEDESC_24_1'),
(25, 0, 'positive', '25-1.html', '_FILEDESC_25_0'),
(25, 1, 'negative', '25-2.html', '_FILEDESC_25_1'),
(26, 0, 'positive', '26-1.html', '_FILEDESC_26_0'),
(26, 1, 'negative', '26-2.html', '_FILEDESC_26_1'),
(27, 0, 'positive', '27-1.html', '_FILEDESC_27_0'),
(27, 1, 'negative', '27-2.html', '_FILEDESC_27_1'),
(28, 0, 'positive', '28-1.html', '_FILEDESC_28_0'),
(28, 1, 'negative', '28-2.html', '_FILEDESC_28_1'),
(29, 0, 'positive', '29-1.html', '_FILEDESC_29_0'),
(29, 1, 'negative', '29-2.html', '_FILEDESC_29_1'),
(30, 0, 'positive', '30-1.html', '_FILEDESC_30_0'),
(30, 1, 'negative', '30-2.html', '_FILEDESC_30_1'),
(31, 0, 'positive', '31-1.html', '_FILEDESC_31_0'),
(31, 1, 'negative', '31-2.html', '_FILEDESC_31_1'),
(32, 0, 'positive', '32-1.html', '_FILEDESC_32_0'),
(32, 1, 'negative', '32-2.html', '_FILEDESC_32_1'),
(33, 0, 'positive', '33-1.html', '_FILEDESC_33_0'),
(33, 1, 'negative', '33-2.html', '_FILEDESC_33_1'),
(34, 0, 'positive', '34-1.html', '_FILEDESC_34_0'),
(34, 1, 'negative', '34-2.html', '_FILEDESC_34_1'),
(35, 0, 'positive', '35-1.html', '_FILEDESC_35_0'),
(35, 1, 'negative', '35-2.html', '_FILEDESC_35_1'),
(36, 0, 'positive', '36-1.html', '_FILEDESC_36_0'),
(36, 1, 'negative', '36-2.html', '_FILEDESC_36_1'),
(37, 0, 'positive', '37-1.html', '_FILEDESC_37_0'),
(37, 1, 'negative', '37-2.html', '_FILEDESC_37_1'),
(38, 0, 'positive', '38-1.html', '_FILEDESC_38_0'),
(38, 1, 'negative', '38-2.html', '_FILEDESC_38_1'),
(39, 0, 'positive', '39-1.html', '_FILEDESC_39_0'),
(39, 1, 'negative', '39-2.html', '_FILEDESC_39_1'),
(40, 0, 'positive', '40-1.html', '_FILEDESC_40_0'),
(40, 1, 'negative', '40-2.html', '_FILEDESC_40_1'),
(41, 0, 'positive', '41-1.html', '_FILEDESC_41_0'),
(41, 1, 'negative', '41-2.html', '_FILEDESC_41_1'),
(42, 0, 'positive', '42-1.html', '_FILEDESC_42_0'),
(42, 1, 'negative', '42-2.html', '_FILEDESC_42_1'),
(43, 0, 'positive', '43-1.html', '_FILEDESC_43_0'),
(43, 1, 'negative', '43-2.html', '_FILEDESC_43_1'),
(44, 0, 'positive', '44-1.html', '_FILEDESC_44_0'),
(44, 1, 'negative', '44-2.html', '_FILEDESC_44_1'),
(45, 0, 'positive', '45-1.html', '_FILEDESC_45_0'),
(45, 1, 'negative', '45-2.html', '_FILEDESC_45_1'),
(46, 0, 'positive', '46-1.html', '_FILEDESC_46_0'),
(46, 1, 'negative', '46-2.html', '_FILEDESC_46_1'),
(47, 0, 'positive', '47-1.html', '_FILEDESC_47_0'),
(47, 1, 'negative', '47-2.html', '_FILEDESC_47_1'),
(48, 0, 'positive', '48-1.html', '_FILEDESC_48_0'),
(48, 1, 'negative', '48-2.html', '_FILEDESC_48_1'),
(49, 0, 'positive', '49-1.html', '_FILEDESC_49_0'),
(49, 1, 'negative', '49-2.html', '_FILEDESC_49_1'),
(50, 0, 'positive', '50-1.html', '_FILEDESC_50_0'),
(50, 1, 'negative', '50-2.html', '_FILEDESC_50_1'),
(51, 0, 'positive', '51-1.html', '_FILEDESC_51_0'),
(51, 1, 'positive', '51-3.html', '_FILEDESC_51_1'),
(51, 2, 'negative', '51-2.html', '_FILEDESC_51_2'),
(52, 0, 'positive', '52-1.html', '_FILEDESC_52_0'),
(52, 1, 'negative', '52-2.html', '_FILEDESC_52_1'),
(53, 0, 'positive', '53-1.html', '_FILEDESC_53_0'),
(53, 1, 'positive', '53-3.html', '_FILEDESC_53_1'),
(53, 2, 'positive', '53-4.html', '_FILEDESC_53_2'),
(53, 3, 'positive', '53-5.html', '_FILEDESC_53_3'),
(53, 4, 'negative', '53-2.html', '_FILEDESC_53_4'),
(54, 0, 'positive', '54-1.html', '_FILEDESC_54_0'),
(54, 1, 'negative', '54-2.html', '_FILEDESC_54_1'),
(55, 0, 'positive', '55-1.html', '_FILEDESC_55_0'),
(55, 1, 'negative', '55-2.html', '_FILEDESC_55_1'),
(57, 0, 'positive', '57-1.html', '_FILEDESC_57_0'),
(57, 1, 'negative', '57-2.html', '_FILEDESC_57_1'),
(57, 2, 'negative', '57-3.html', '_FILEDESC_57_2'),
(57, 3, 'negative', '57-4.html', '_FILEDESC_57_3'),
(58, 0, 'positive', '58-1.html', '_FILEDESC_58_0'),
(58, 1, 'negative', '58-2.html', '_FILEDESC_58_1'),
(59, 0, 'positive', '59-1.html', '_FILEDESC_59_0'),
(59, 1, 'negative', '59-2.html', '_FILEDESC_59_1'),
(60, 0, 'positive', '60-1.html', '_FILEDESC_60_0'),
(60, 1, 'negative', '60-2.html', '_FILEDESC_60_1'),
(61, 0, 'positive', '61-1.html', '_FILEDESC_61_0'),
(61, 1, 'negative', '61-2.html', '_FILEDESC_61_1'),
(62, 0, 'positive', '62-1.html', '_FILEDESC_62_0'),
(62, 1, 'positive', '62-3.html', '_FILEDESC_62_1'),
(62, 2, 'positive', '62-4.html', '_FILEDESC_62_2'),
(62, 3, 'negative', '62-2.html', '_FILEDESC_62_3'),
(63, 0, 'positive', '63-1.html', '_FILEDESC_63_0'),
(63, 1, 'negative', '63-2.html', '_FILEDESC_63_1'),
(64, 0, 'positive', '64-1.html', '_FILEDESC_64_0'),
(64, 1, 'negative', '64-2.html', '_FILEDESC_64_1'),
(65, 0, 'positive', '65-1.html', '_FILEDESC_65_0'),
(65, 1, 'negative', '65-2.html', '_FILEDESC_65_1'),
(66, 0, 'positive', '66-1.html', '_FILEDESC_66_0'),
(66, 1, 'negative', '66-2.html', '_FILEDESC_66_1'),
(68, 0, 'positive', '68-1.html', '_FILEDESC_68_0'),
(68, 1, 'negative', '68-2.html', '_FILEDESC_68_1'),
(68, 2, 'negative', '68-3.html', '_FILEDESC_68_2'),
(68, 3, 'negative', '68-4.html', '_FILEDESC_68_3'),
(69, 0, 'positive', '69-1.html', '_FILEDESC_69_0'),
(69, 1, 'negative', '69-2.html', '_FILEDESC_69_1'),
(71, 0, 'positive', '71-1.html', '_FILEDESC_71_0'),
(71, 1, 'negative', '71-2.html', '_FILEDESC_71_1'),
(72, 0, 'positive', '72-1.html', '_FILEDESC_72_0'),
(72, 1, 'negative', '72-2.html', '_FILEDESC_72_1'),
(72, 2, 'negative', '72-3.html', '_FILEDESC_72_2'),
(73, 0, 'positive', '73-1.html', '_FILEDESC_73_0'),
(73, 1, 'negative', '73-2.html', '_FILEDESC_73_1'),
(74, 0, 'positive', '74-1.html', '_FILEDESC_74_0'),
(74, 1, 'negative', '74-2.html', '_FILEDESC_74_1'),
(75, 0, 'positive', '75-1.html', '_FILEDESC_75_0'),
(75, 1, 'negative', '75-2.html', '_FILEDESC_75_1'),
(76, 0, 'positive', '76-1.html', '_FILEDESC_76_0'),
(76, 1, 'negative', '76-2.html', '_FILEDESC_76_1'),
(77, 0, 'positive', '77-1.html', '_FILEDESC_77_0'),
(77, 1, 'negative', '77-2.html', '_FILEDESC_77_1'),
(78, 0, 'positive', '78-1.html', '_FILEDESC_78_0'),
(78, 1, 'negative', '78-2.html', '_FILEDESC_78_1'),
(79, 0, 'positive', '79-1.html', '_FILEDESC_79_0'),
(79, 1, 'positive', '79-3.html', '_FILEDESC_79_1'),
(79, 2, 'negative', '79-2.html', '_FILEDESC_79_2'),
(80, 0, 'positive', '80-1.html', '_FILEDESC_80_0'),
(80, 1, 'negative', '80-2.html', '_FILEDESC_80_1'),
(80, 2, 'negative', '80-3.html', '_FILEDESC_80_2'),
(80, 3, 'negative', '80-4.html', '_FILEDESC_80_3'),
(81, 0, 'positive', '81-1.html', '_FILEDESC_81_0'),
(81, 1, 'negative', '81-2.html', '_FILEDESC_81_1'),
(82, 0, 'positive', '82-1.html', '_FILEDESC_82_0'),
(82, 1, 'positive', '82-3.html', '_FILEDESC_82_1'),
(82, 2, 'positive', '82-4.html', '_FILEDESC_82_2'),
(82, 3, 'positive', '82-5.html', '_FILEDESC_82_3'),
(82, 4, 'positive', '82-6.html', '_FILEDESC_82_4'),
(82, 5, 'positive', '82-7.html', '_FILEDESC_82_5'),
(82, 6, 'negative', '82-2.html', '_FILEDESC_82_6'),
(86, 0, 'positive', '86-1.html', '_FILEDESC_86_0'),
(86, 1, 'negative', '86-2.html', '_FILEDESC_86_1'),
(87, 0, 'positive', '87-1.html', '_FILEDESC_87_0'),
(87, 1, 'negative', '87-2.html', '_FILEDESC_87_1'),
(88, 0, 'positive', '88-1.html', '_FILEDESC_88_0'),
(88, 1, 'negative', '88-2.html', '_FILEDESC_88_1'),
(89, 0, 'positive', '89-1.html', '_FILEDESC_89_0'),
(89, 1, 'negative', '89-2.html', '_FILEDESC_89_1'),
(90, 0, 'positive', '90-1.html', '_FILEDESC_90_0'),
(90, 1, 'negative', '90-2.html', '_FILEDESC_90_1'),
(91, 0, 'positive', '91-1.html', '_FILEDESC_91_0'),
(91, 1, 'negative', '91-2.html', '_FILEDESC_91_1'),
(91, 2, 'negative', '91-3.html', '_FILEDESC_91_2'),
(91, 3, 'negative', '91-4.html', '_FILEDESC_91_3'),
(92, 0, 'positive', '92-1.html', '_FILEDESC_92_0'),
(92, 1, 'negative', '92-2.html', '_FILEDESC_92_1'),
(92, 2, 'negative', '92-3.html', '_FILEDESC_92_2'),
(94, 0, 'positive', '94-1.html', '_FILEDESC_94_0'),
(94, 1, 'negative', '94-2.html', '_FILEDESC_94_1'),
(95, 0, 'positive', '95-1.html', '_FILEDESC_95_0'),
(95, 1, 'negative', '95-2.html', '_FILEDESC_95_1'),
(95, 2, 'negative', '95-3.html', '_FILEDESC_95_2'),
(95, 3, 'negative', '95-4.html', '_FILEDESC_95_3'),
(96, 0, 'positive', '96-1.html', '_FILEDESC_96_0'),
(96, 1, 'negative', '96-2.html', '_FILEDESC_96_1'),
(97, 0, 'positive', '97-1.html', '_FILEDESC_97_0'),
(97, 1, 'negative', '97-2.html', '_FILEDESC_97_1'),
(98, 0, 'positive', '98-1.html', '_FILEDESC_98_0'),
(98, 1, 'negative', '98-2.html', '_FILEDESC_98_1'),
(99, 0, 'positive', '99-1.html', '_FILEDESC_99_0'),
(99, 1, 'negative', '99-2.html', '_FILEDESC_99_1'),
(100, 0, 'positive', '100-1.html', '_FILEDESC_100_0'),
(100, 1, 'negative', '100-2.html', '_FILEDESC_100_1'),
(102, 0, 'positive', '102-1.html', '_FILEDESC_102_0'),
(102, 1, 'negative', '102-2.html', '_FILEDESC_102_1'),
(103, 0, 'positive', '103-1.html', '_FILEDESC_103_0'),
(103, 1, 'negative', '103-2.html', '_FILEDESC_103_1'),
(104, 0, 'positive', '104-1.html', '_FILEDESC_104_0'),
(104, 1, 'negative', '104-2.html', '_FILEDESC_104_1'),
(105, 0, 'positive', '105-1.html', '_FILEDESC_105_0'),
(105, 1, 'negative', '105-2.html', '_FILEDESC_105_1'),
(106, 0, 'positive', '106-1.html', '_FILEDESC_106_0'),
(106, 1, 'negative', '106-2.html', '_FILEDESC_106_1'),
(107, 0, 'positive', '107-1.html', '_FILEDESC_107_0'),
(107, 1, 'negative', '107-2.html', '_FILEDESC_107_1'),
(108, 0, 'positive', '108-1.html', '_FILEDESC_108_0'),
(108, 1, 'negative', '108-2.html', '_FILEDESC_108_1'),
(109, 0, 'positive', '109-1.html', '_FILEDESC_109_0'),
(109, 1, 'negative', '109-2.html', '_FILEDESC_109_1'),
(110, 0, 'positive', '110-1.html', '_FILEDESC_110_0'),
(110, 1, 'negative', '110-2.html', '_FILEDESC_110_1'),
(111, 0, 'positive', '111-1.html', '_FILEDESC_111_0'),
(111, 1, 'negative', '111-2.html', '_FILEDESC_111_1'),
(111, 2, 'negative', '111-3.html', '_FILEDESC_111_2'),
(112, 0, 'positive', '112-1.html', '_FILEDESC_112_0'),
(112, 1, 'negative', '112-2.html', '_FILEDESC_112_1'),
(113, 0, 'positive', '113-1.html', '_FILEDESC_113_0'),
(113, 1, 'negative', '113-2.html', '_FILEDESC_113_1'),
(114, 0, 'positive', '114-1.html', '_FILEDESC_114_0'),
(114, 1, 'negative', '114-2.html', '_FILEDESC_114_1'),
(114, 2, 'negative', '114-3.html', '_FILEDESC_114_2'),
(115, 0, 'positive', '115-1.html', '_FILEDESC_115_0'),
(115, 1, 'negative', '115-2.html', '_FILEDESC_115_1'),
(116, 0, 'positive', '116-1.html', '_FILEDESC_116_0'),
(116, 1, 'negative', '116-2.html', '_FILEDESC_116_1'),
(117, 0, 'positive', '117-1.html', '_FILEDESC_117_0'),
(117, 1, 'negative', '117-2.html', '_FILEDESC_117_1'),
(118, 0, 'positive', '118-1.html', '_FILEDESC_118_0'),
(118, 1, 'negative', '118-2.html', '_FILEDESC_118_1'),
(118, 2, 'negative', '118-3.html', '_FILEDESC_118_2'),
(118, 3, 'negative', '118-4.html', '_FILEDESC_118_3'),
(119, 0, 'positive', '119-1.html', '_FILEDESC_119_0'),
(119, 1, 'negative', '119-2.html', '_FILEDESC_119_1'),
(119, 2, 'negative', '119-3.html', '_FILEDESC_119_2'),
(119, 3, 'negative', '119-4.html', '_FILEDESC_119_3'),
(120, 0, 'positive', '120-1.html', '_FILEDESC_120_0'),
(120, 1, 'negative', '120-2.html', '_FILEDESC_120_1'),
(120, 2, 'negative', '120-3.html', '_FILEDESC_120_2'),
(120, 3, 'negative', '120-4.html', '_FILEDESC_120_3'),
(121, 0, 'positive', '121-1.html', '_FILEDESC_121_0'),
(121, 1, 'negative', '121-2.html', '_FILEDESC_121_1'),
(121, 2, 'negative', '121-3.html', '_FILEDESC_121_2'),
(121, 3, 'negative', '121-4.html', '_FILEDESC_121_3'),
(122, 0, 'positive', '122-1.html', '_FILEDESC_122_0'),
(122, 1, 'negative', '122-2.html', '_FILEDESC_122_1'),
(123, 0, 'positive', '123-1.html', '_FILEDESC_123_0'),
(123, 1, 'negative', '123-2.html', '_FILEDESC_123_1'),
(124, 0, 'positive', '124-1.html', '_FILEDESC_124_0'),
(124, 1, 'negative', '124-2.html', '_FILEDESC_124_1'),
(125, 0, 'positive', '125-1.html', '_FILEDESC_125_0'),
(125, 1, 'negative', '125-2.html', '_FILEDESC_125_1'),
(126, 0, 'positive', '126-1.html', '_FILEDESC_126_0'),
(126, 1, 'negative', '126-2.html', '_FILEDESC_126_1'),
(127, 0, 'positive', '127-1.html', '_FILEDESC_127_0'),
(127, 1, 'negative', '127-2.html', '_FILEDESC_127_1'),
(128, 0, 'positive', '128-1.html', '_FILEDESC_128_0'),
(128, 1, 'negative', '128-2.html', '_FILEDESC_128_1'),
(129, 0, 'positive', '129-1.html', '_FILEDESC_129_0'),
(129, 1, 'negative', '129-2.html', '_FILEDESC_129_1'),
(131, 0, 'positive', '131-1.html', '_FILEDESC_131_0'),
(131, 1, 'negative', '131-2.html', '_FILEDESC_131_1'),
(132, 0, 'positive', '132-1.html', '_FILEDESC_132_0'),
(132, 1, 'negative', '132-2.html', '_FILEDESC_132_1'),
(133, 0, 'positive', '133-1.html', '_FILEDESC_133_0'),
(133, 1, 'negative', '133-2.html', '_FILEDESC_133_1'),
(134, 0, 'positive', '134-1.html', '_FILEDESC_134_0'),
(134, 1, 'negative', '134-2.html', '_FILEDESC_134_1'),
(135, 0, 'positive', '135-1.html', '_FILEDESC_135_0'),
(135, 1, 'negative', '135-2.xhtml', '_FILEDESC_135_1'),
(136, 0, 'positive', '136-1.html', '_FILEDESC_136_0'),
(136, 1, 'negative', '136-2.html', '_FILEDESC_136_1'),
(137, 0, 'positive', '137-1.html', '_FILEDESC_137_0'),
(137, 1, 'negative', '137-2.html', '_FILEDESC_137_1'),
(138, 0, 'positive', '138-1.html', '_FILEDESC_138_0'),
(138, 1, 'positive', '138-3.html', '_FILEDESC_138_1'),
(138, 2, 'negative', '138-2.html', '_FILEDESC_138_2'),
(139, 0, 'positive', '139-1.html', '_FILEDESC_139_0'),
(139, 1, 'positive', '139-3.html', '_FILEDESC_139_1'),
(139, 2, 'negative', '139-2.html', '_FILEDESC_139_2'),
(140, 0, 'positive', '140-1.html', '_FILEDESC_140_0'),
(140, 1, 'positive', '140-3.html', '_FILEDESC_140_1'),
(140, 2, 'negative', '140-2.html', '_FILEDESC_140_2'),
(141, 0, 'positive', '141-1.html', '_FILEDESC_141_0'),
(141, 1, 'positive', '141-3.html', '_FILEDESC_141_1'),
(141, 2, 'negative', '141-2.html', '_FILEDESC_141_2'),
(142, 0, 'positive', '142-1.html', '_FILEDESC_142_0'),
(142, 1, 'positive', '142-3.html', '_FILEDESC_142_1'),
(142, 2, 'negative', '142-2.html', '_FILEDESC_142_2'),
(143, 0, 'positive', '143-1.html', '_FILEDESC_143_0'),
(143, 1, 'negative', '143-2.html', '_FILEDESC_143_1'),
(145, 0, 'positive', '145-1.html', '_FILEDESC_145_0'),
(145, 1, 'negative', '145-2.html', '_FILEDESC_145_1'),
(145, 2, 'positive', '145-3.html', '_FILEDESC_145_2'),
(145, 3, 'positive', '145-4.html', '_FILEDESC_145_3'),
(145, 4, 'positive', '145-5.html', '_FILEDESC_145_4'),
(145, 5, 'positive', '145-6.html', '_FILEDESC_145_5'),
(146, 0, 'positive', '146-1.html', '_FILEDESC_146_0'),
(146, 1, 'negative', '146-2.html', '_FILEDESC_146_1'),
(147, 0, 'positive', '147-1.html', '_FILEDESC_147_0'),
(147, 1, 'negative', '147-2.html', '_FILEDESC_147_1'),
(147, 2, 'positive', '147-3.html', '_FILEDESC_147_2'),
(147, 3, 'positive', '147-4.html', '_FILEDESC_147_3'),
(148, 0, 'positive', '148-1.html', '_FILEDESC_148_0'),
(148, 1, 'positive', '148-2.html', '_FILEDESC_148_1'),
(151, 0, 'positive', '151-1.html', '_FILEDESC_151_0'),
(151, 1, 'negative', '151-2.html', '_FILEDESC_151_1'),
(151, 2, 'negative', '151-3.html', '_FILEDESC_151_2'),
(152, 0, 'positive', '152-1.html', '_FILEDESC_152_0'),
(152, 1, 'negative', '152-2.html', '_FILEDESC_152_1'),
(152, 2, 'negative', '152-3.html', '_FILEDESC_152_2'),
(153, 0, 'positive', '153-1.html', '_FILEDESC_153_0'),
(153, 1, 'negative', '153-2.html', '_FILEDESC_153_1'),
(154, 0, 'positive', '154-1.html', '_FILEDESC_154_0'),
(154, 1, 'negative', '154-2.html', '_FILEDESC_154_1'),
(157, 0, '', '', ''),
(158, 0, '', '', ''),
(159, 0, 'positive', '159-1.html', '_FILEDESC_159_0'),
(159, 1, 'negative', '159-2.html', '_FILEDESC_159_1'),
(160, 0, 'positive', '160-1.html', '_FILEDESC_160_0'),
(160, 1, 'negative', '160-2.html', '_FILEDESC_160_1'),
(163, 0, 'positive', '163-1.html', '_FILEDESC_163_0'),
(163, 1, 'negative', '163-2.html', '_FILEDESC_163_1'),
(163, 2, 'negative', '163-3.html', '_FILEDESC_163_2'),
(164, 0, 'positive', '164-1.html', '_FILEDESC_164_0'),
(164, 1, 'negative', '164-2.html', '_FILEDESC_164_1'),
(165, 0, 'positive', '165-1.html', '_FILEDESC_165_0'),
(165, 1, 'negative', '165-2.html', '_FILEDESC_165_1'),
(166, 0, 'positive', '166-1.html', '_FILEDESC_166_0'),
(166, 1, 'negative', '166-2.html', '_FILEDESC_166_1'),
(167, 0, 'positive', '167-1.html', '_FILEDESC_167_0'),
(167, 1, 'negative', '167-2.html', '_FILEDESC_167_1'),
(168, 0, 'positive', '168-1.html', '_FILEDESC_168_0'),
(168, 1, 'negative', '168-2.html', '_FILEDESC_168_1'),
(169, 0, 'positive', '169-1.html', '_FILEDESC_169_0'),
(169, 1, 'negative', '169-2.html', '_FILEDESC_169_1'),
(173, 0, 'positive', '173-1.html', '_FILEDESC_173_0'),
(173, 1, 'positive', '173-3.html', '_FILEDESC_173_1'),
(173, 2, 'negative', '173-2.html', '_FILEDESC_173_2'),
(174, 0, 'positive', '174-1.html', '_FILEDESC_174_0'),
(174, 1, 'negative', '174-2.html', '_FILEDESC_174_1'),
(174, 2, 'negative', '174-4.html', '_FILEDESC_174_2'),
(175, 0, 'positive', '175-1.html', '_FILEDESC_175_0'),
(175, 1, 'negative', '175-2.html', '_FILEDESC_175_1'),
(176, 0, 'positive', '176-1.html', '_FILEDESC_176_0'),
(176, 1, 'negative', '176-2.html', '_FILEDESC_176_1'),
(177, 0, 'positive', '177-1.html', '_FILEDESC_177_0'),
(177, 1, 'negative', '177-2.html', '_FILEDESC_177_1'),
(178, 0, 'positive', '178-1.html', '_FILEDESC_178_0'),
(178, 1, 'negative', '178-2.html', '_FILEDESC_178_1'),
(179, 0, 'positive', '179-1.html', '_FILEDESC_179_0'),
(179, 1, 'negative', '179-2.html', '_FILEDESC_179_1'),
(180, 0, 'positive', '180-1.html', '_FILEDESC_180_0'),
(180, 1, 'negative', '180-2.html', '_FILEDESC_180_1'),
(181, 0, 'positive', '181-1.html', '_FILEDESC_181_0'),
(181, 1, 'negative', '181-2.html', '_FILEDESC_181_1'),
(182, 0, 'positive', '182-1.html', '_FILEDESC_182_0'),
(182, 1, 'negative', '182-2.html', '_FILEDESC_182_1'),
(183, 0, 'positive', '183-1.html', '_FILEDESC_183_0'),
(183, 1, 'negative', '183-2.html', '_FILEDESC_183_1'),
(184, 0, 'positive', '184-1.html', '_FILEDESC_184_0'),
(184, 1, 'negative', '184-2.html', '_FILEDESC_184_1'),
(185, 0, 'positive', '185-1.html', '_FILEDESC_185_0'),
(185, 1, 'negative', '185-2.html', '_FILEDESC_185_1'),
(186, 0, 'positive', '186-1.html', '_FILEDESC_186_0'),
(186, 1, 'negative', '186-2.html', '_FILEDESC_186_1'),
(187, 0, 'positive', '187-1.html', '_FILEDESC_187_0'),
(187, 1, 'negative', '187-2.html', '_FILEDESC_187_1'),
(188, 0, 'positive', '188-1.html', '_FILEDESC_188_0'),
(188, 1, 'negative', '188-2.html', '_FILEDESC_188_1'),
(188, 2, 'positive', '188-3.html', '_FILEDESC_188_2'),
(189, 0, 'positive', '189-1.html', '_FILEDESC_189_0'),
(189, 1, 'negative', '189-2.html', '_FILEDESC_189_1'),
(190, 0, 'positive', '190-1.html', '_FILEDESC_190_0'),
(190, 1, 'negative', '190-2.html', '_FILEDESC_190_1'),
(191, 0, 'positive', '191-1.html', '_FILEDESC_191_0'),
(191, 1, 'negative', '191-2.html', '_FILEDESC_191_1'),
(192, 0, 'positive', '192-1.html', '_FILEDESC_192_0'),
(192, 1, 'negative', '192-2.html', '_FILEDESC_192_1'),
(193, 0, 'positive', '193-1.html', '_FILEDESC_193_0'),
(193, 1, 'negative', '193-2.html', '_FILEDESC_193_1'),
(194, 0, 'positive', '194-1.html', '_FILEDESC_194_0'),
(194, 1, 'negative', '194-2.html', '_FILEDESC_194_1'),
(195, 0, 'positive', '195-1.html', '_FILEDESC_195_0'),
(195, 1, 'negative', '195-2.html', '_FILEDESC_195_1'),
(195, 2, 'positive', '195-3.html', '_FILEDESC_195_2'),
(195, 3, 'negative', '195-4.html', '_FILEDESC_195_3'),
(196, 0, 'positive', '196-1.html', '_FILEDESC_196_0'),
(196, 1, 'negative', '196-2.html', '_FILEDESC_196_1'),
(197, 0, 'positive', '197-1.html', '_FILEDESC_197_0'),
(197, 1, 'negative', '197-2.html', '_FILEDESC_197_1'),
(197, 2, 'negative', '197-3.html', '_FILEDESC_197_2'),
(197, 3, 'negative', '197-4.html', '_FILEDESC_197_3'),
(197, 4, 'positive', '197-5.html', '_FILEDESC_197_4'),
(198, 0, 'positive', '198-1.html', '_FILEDESC_198_0'),
(198, 1, 'negative', '198-2.html', '_FILEDESC_198_1'),
(199, 0, 'positive', '199-1.html', '_FILEDESC_199_0'),
(199, 1, 'negative', '199-2.html', '_FILEDESC_199_1'),
(200, 0, 'positive', '200-1.html', '_FILEDESC_200_0'),
(200, 1, 'negative', '200-2.html', '_FILEDESC_200_1'),
(201, 0, 'positive', '201-1.html', '_FILEDESC_201_0'),
(201, 1, 'negative', '201-2.html', '_FILEDESC_201_1'),
(202, 0, 'positive', '202-1.html', '_FILEDESC_202_0'),
(202, 1, 'negative', '202-2.html', '_FILEDESC_202_1'),
(203, 0, 'positive', '203-1.html', '_FILEDESC_203_0'),
(203, 1, 'negative', '203-2.html', '_FILEDESC_203_1'),
(204, 0, 'positive', '204-1.html', '_FILEDESC_204_0'),
(204, 1, 'negative', '204-2.html', '_FILEDESC_204_1'),
(204, 2, 'positive', '204-3.html', '_FILEDESC_204_2'),
(204, 3, 'negative', '204-4.html', '_FILEDESC_204_3'),
(204, 4, 'positive', '204-5.html', '_FILEDESC_204_4'),
(204, 5, 'negative', '204-6.html', '_FILEDESC_204_5'),
(205, 0, 'positive', '205-1.html', '_FILEDESC_205_0'),
(205, 1, 'negative', '205-2.html', '_FILEDESC_205_1'),
(205, 2, 'positive', '205-3.html', '_FILEDESC_205_2'),
(205, 3, 'negative', '205-4.html', '_FILEDESC_205_3'),
(205, 4, 'positive', '205-5.html', '_FILEDESC_205_4'),
(205, 5, 'negative', '205-6.html', '_FILEDESC_205_5'),
(206, 0, 'positive', '206-1.html', '_FILEDESC_206_0'),
(206, 1, 'negative', '206-2.html', '_FILEDESC_206_1'),
(206, 2, 'positive', '206-3.html', '_FILEDESC_206_2'),
(206, 3, 'negative', '206-4.html', '_FILEDESC_206_3'),
(206, 4, 'positive', '206-5.html', '_FILEDESC_206_4'),
(206, 5, 'negative', '206-6.html', '_FILEDESC_206_5'),
(207, 0, 'positive', '207-1.html', '_FILEDESC_207_0'),
(207, 1, 'negative', '207-2.html', '_FILEDESC_207_1'),
(207, 2, 'positive', '207-3.html', '_FILEDESC_207_2'),
(207, 3, 'negative', '207-4.html', '_FILEDESC_207_3'),
(207, 4, 'positive', '207-5.html', '_FILEDESC_207_4'),
(207, 5, 'negative', '207-6.html', '_FILEDESC_207_5'),
(208, 0, 'positive', '208-1.html', '_FILEDESC_208_0'),
(208, 1, 'negative', '208-2.html', '_FILEDESC_208_1'),
(208, 2, 'positive', '208-3.html', '_FILEDESC_208_2'),
(208, 3, 'positive', '208-4.html', '_FILEDESC_208_3'),
(208, 4, 'negative', '208-5.html', '_FILEDESC_208_4'),
(208, 5, 'positive', '208-6.html', '_FILEDESC_208_5'),
(208, 6, 'positive', '208-7.html', '_FILEDESC_208_6'),
(208, 7, 'negative', '208-8.html', '_FILEDESC_208_7'),
(208, 8, 'positive', '208-9.html', '_FILEDESC_208_8'),
(209, 0, 'positive', '209-1.html', '_FILEDESC_209_0'),
(209, 1, 'negative', '209-2.html', '_FILEDESC_209_1'),
(210, 0, '', '', ''),
(211, 0, 'positive', '211-1.html', '_FILEDESC_211_0'),
(211, 1, 'negative', '211-2.html', '_FILEDESC_211_1'),
(212, 0, 'positive', '212-1.html', '_FILEDESC_212_0'),
(212, 1, 'negative', '212-2.html', '_FILEDESC_212_1'),
(212, 2, 'positive', '212-3.html', '_FILEDESC_212_2'),
(212, 3, 'negative', '212-4.html', '_FILEDESC_212_3'),
(212, 4, 'positive', '212-5.html', '_FILEDESC_212_4'),
(212, 5, 'negative', '212-6.html', '_FILEDESC_212_5'),
(213, 0, 'positive', '213-1.html', '_FILEDESC_213_0'),
(213, 1, 'negative', '213-2.html', '_FILEDESC_213_1'),
(213, 2, 'positive', '213-3.html', '_FILEDESC_213_2'),
(213, 3, 'negative', '213-4.html', '_FILEDESC_213_3'),
(213, 4, 'positive', '213-5.html', '_FILEDESC_213_4'),
(213, 5, 'negative', '213-6.html', '_FILEDESC_213_5'),
(213, 6, 'negative', '213-7.html', '_FILEDESC_213_6'),
(214, 0, 'positive', '214-1.html', '_FILEDESC_214_0'),
(214, 1, 'negative', '214-2.html', '_FILEDESC_214_1'),
(214, 2, 'positive', '214-3.html', '_FILEDESC_214_2'),
(214, 3, 'negative', '214-4.html', '_FILEDESC_214_3'),
(214, 4, 'positive', '214-5.html', '_FILEDESC_214_4'),
(214, 5, 'negative', '214-6.html', '_FILEDESC_214_5'),
(216, 0, 'positive', '216-1.html', '_FILEDESC_216_0'),
(216, 1, 'negative', '216-2.html', '_FILEDESC_216_1'),
(216, 2, 'positive', '216-3.html', '_FILEDESC_216_2'),
(216, 3, 'negative', '216-4.html', '_FILEDESC_216_3'),
(216, 4, 'positive', '216-5.html', '_FILEDESC_216_4'),
(216, 5, 'negative', '216-6.html', '_FILEDESC_216_5'),
(217, 0, 'positive', '217-1.html', '_FILEDESC_217_0'),
(217, 1, 'negative', '217-2.html', '_FILEDESC_217_1'),
(217, 2, 'positive', '217-3.html', '_FILEDESC_217_2'),
(217, 3, 'negative', '217-4.html', '_FILEDESC_217_3'),
(217, 4, 'positive', '217-5.html', '_FILEDESC_217_4'),
(217, 5, 'negative', '217-6.html', '_FILEDESC_217_5'),
(218, 0, 'positive', '218-1.html', '_FILEDESC_218_0'),
(218, 1, 'negative', '218-2.html', '_FILEDESC_218_1'),
(218, 2, 'positive', '218-3.html', '_FILEDESC_218_2'),
(218, 3, 'negative', '218-4.html', '_FILEDESC_218_3'),
(218, 4, 'positive', '218-5.html', '_FILEDESC_218_4'),
(218, 5, 'negative', '218-6.html', '_FILEDESC_218_5'),
(219, 0, 'positive', '219-1.html', '_FILEDESC_219_0'),
(219, 1, 'negative', '219-2.html', '_FILEDESC_219_1'),
(219, 2, 'positive', '219-3.html', '_FILEDESC_219_2'),
(219, 3, 'negative', '219-4.html', '_FILEDESC_219_3'),
(219, 4, 'positive', '219-5.html', '_FILEDESC_219_4'),
(219, 5, 'negative', '219-6.html', '_FILEDESC_219_5'),
(220, 0, 'positive', '220-1.html', '_FILEDESC_220_0'),
(220, 1, 'negative', '220-2.html', '_FILEDESC_220_1'),
(220, 2, 'positive', '220-3.html', '_FILEDESC_220_2'),
(220, 3, 'negative', '220-4.html', '_FILEDESC_220_3'),
(220, 4, 'positive', '220-5.html', '_FILEDESC_220_4'),
(220, 5, 'negative', '220-6.html', '_FILEDESC_220_5'),
(221, 0, 'positive', '221-1.html', '_FILEDESC_221_0'),
(221, 1, 'negative', '221-2.html', '_FILEDESC_221_1'),
(221, 2, 'negative', '221-3.html', '_FILEDESC_221_2'),
(222, 0, 'positive', '222-1.html', '_FILEDESC_222_0'),
(222, 1, 'negative', '222-2.html', '_FILEDESC_222_1'),
(222, 2, 'negative', '222-3.html', '_FILEDESC_222_2'),
(223, 0, 'positive', '223-1.html', '_FILEDESC_223_0'),
(223, 1, 'negative', '223-2.html', '_FILEDESC_223_1'),
(223, 2, 'negative', '223-3.html', '_FILEDESC_223_2'),
(224, 0, 'positive', '224-1.html', '_FILEDESC_224_0'),
(224, 1, 'negative', '224-2.html', '_FILEDESC_224_1'),
(224, 2, 'negative', '224-3.html', '_FILEDESC_224_2'),
(225, 0, 'positive', '225-1.html', '_FILEDESC_225_0'),
(225, 1, 'negative', '225-2.html', '_FILEDESC_225_1'),
(225, 2, 'negative', '225-3.html', '_FILEDESC_225_2'),
(225, 3, 'positive', '225-4.html', '_FILEDESC_225_3'),
(225, 4, 'positive', '225-5.html', '_FILEDESC_225_4'),
(226, 0, 'positive', '226-1.html', '_FILEDESC_226_0'),
(226, 1, 'negative', '226-2.html', '_FILEDESC_226_1'),
(226, 2, 'negative', '226-3.html', '_FILEDESC_226_2'),
(227, 0, 'positive', '227-1.html', '_FILEDESC_227_0'),
(227, 1, 'negative', '227-2.html', '_FILEDESC_227_1'),
(227, 2, 'negative', '227-3.html', '_FILEDESC_227_2'),
(228, 0, 'positive', '228-1.html', '_FILEDESC_228_0'),
(228, 1, 'negative', '228-2.html', '_FILEDESC_228_1'),
(228, 2, 'negative', '228-3.html', '_FILEDESC_228_2'),
(229, 0, 'positive', '229-1.html', '_FILEDESC_229_0'),
(229, 1, 'negative', '229-2.html', '_FILEDESC_229_1'),
(229, 2, 'negative', '229-3.html', '_FILEDESC_229_2'),
(230, 0, 'positive', '230-1.html', '_FILEDESC_230_0'),
(230, 1, 'negative', '230-2.html', '_FILEDESC_230_1'),
(231, 0, 'positive', '231-1.html', '_FILEDESC_231_0'),
(231, 1, 'negative', '231-2.html', '_FILEDESC_231_1'),
(232, 0, 'positive', '232-1.html', '_FILEDESC_232_0'),
(232, 1, 'negative', '232-2.html', '_FILEDESC_232_1'),
(233, 0, 'positive', '233-1.html', '_FILEDESC_233_0'),
(233, 1, 'negative', '233-2.html', '_FILEDESC_233_1'),
(234, 0, 'positive', '234-1.html', '_FILEDESC_234_0'),
(234, 1, 'negative', '234-2.html', '_FILEDESC_234_1'),
(235, 0, 'positive', '235-1.html', '_FILEDESC_235_0'),
(235, 1, 'negative', '235-2.html', '_FILEDESC_235_1'),
(236, 0, 'positive', '236-1.html', '_FILEDESC_236_0'),
(236, 1, 'negative', '236-2.html', '_FILEDESC_236_1'),
(236, 2, 'positive', '236-3.html', '_FILEDESC_236_2'),
(237, 0, 'positive', '237-1.html', '_FILEDESC_237_0'),
(237, 1, 'negative', '237-2.html', '_FILEDESC_237_1'),
(238, 0, 'positive', '238-1.html', '_FILEDESC_238_0'),
(238, 1, 'negative', '238-2.html', '_FILEDESC_238_1'),
(238, 2, 'negative', '238-3.html', '_FILEDESC_238_2'),
(239, 0, 'positive', '239-1.html', '_FILEDESC_239_0'),
(239, 1, 'negative', '239-2.html', '_FILEDESC_239_1'),
(239, 2, 'negative', '239-3.html', '_FILEDESC_239_2'),
(240, 0, 'positive', '240-1.html', '_FILEDESC_240_0'),
(240, 1, 'negative', '240-2.html', '_FILEDESC_240_1'),
(241, 0, 'positive', '241-1.html', '_FILEDESC_241_0'),
(241, 1, 'negative', '241-2.html', '_FILEDESC_241_1'),
(242, 0, 'positive', '242-1.html', '_FILEDESC_242_0'),
(242, 1, 'negative', '242-2.html', '_FILEDESC_242_1'),
(243, 0, 'positive', '243-1.html', '_FILEDESC_243_0'),
(243, 1, 'negative', '243-2.html', '_FILEDESC_243_1'),
(244, 0, 'positive', '244-1.html', '_FILEDESC_244_0'),
(244, 1, 'negative', '244-2.html', '_FILEDESC_244_1'),
(245, 0, 'positive', '245-1.html', '_FILEDESC_245_0'),
(245, 1, 'negative', '245-2.html', '_FILEDESC_245_1'),
(246, 0, 'positive', '246-1.html', '_FILEDESC_246_0'),
(246, 1, 'negative', '246-2.html', '_FILEDESC_246_1'),
(247, 0, 'positive', '247-1.html', '_FILEDESC_247_0'),
(247, 1, 'negative', '247-2.html', '_FILEDESC_247_1'),
(248, 0, 'positive', '248-1.html', '_FILEDESC_248_0'),
(248, 1, 'negative', '248-2.html', '_FILEDESC_248_1'),
(248, 2, 'negative', '248-3.html', '_FILEDESC_248_2'),
(249, 0, 'positive', '249-1.html', '_FILEDESC_249_0'),
(249, 1, 'negative', '249-2.html', '_FILEDESC_249_1'),
(250, 0, 'positive', '250-1.html', '_FILEDESC_250_0'),
(250, 1, 'negative', '250-2.html', '_FILEDESC_250_1'),
(251, 0, 'positive', '251-1.html', '_FILEDESC_251_0'),
(251, 1, 'negative', '251-2.html', '_FILEDESC_251_1'),
(252, 0, 'positive', '252-1.html', '_FILEDESC_252_0'),
(252, 1, 'negative', '252-2.html', '_FILEDESC_252_1'),
(252, 2, 'negative', '252-3.html', '_FILEDESC_252_2'),
(253, 0, 'positive', '253-1.html', '_FILEDESC_253_0'),
(253, 1, 'negative', '253-2.html', '_FILEDESC_253_1'),
(254, 0, 'positive', '254-1.html', '_FILEDESC_254_0'),
(254, 1, 'negative', '254-2.html', '_FILEDESC_254_1'),
(254, 2, 'negative', '254-3.html', '_FILEDESC_254_2'),
(255, 0, 'positive', '255-1.html', '_FILEDESC_255_0'),
(255, 1, 'negative', '255-2.html', '_FILEDESC_255_1'),
(255, 2, 'negative', '255-3.html', '_FILEDESC_255_2'),
(256, 0, 'positive', '256-1.html', '_FILEDESC_256_0'),
(256, 1, 'negative', '256-2.html', '_FILEDESC_256_1'),
(256, 2, 'negative', '256-3.html', '_FILEDESC_256_2'),
(257, 0, 'positive', '257-1.html', '_FILEDESC_257_0'),
(257, 1, 'negative', '257-2.html', '_FILEDESC_257_1'),
(257, 2, 'negative', '257-3.html', '_FILEDESC_257_2'),
(258, 0, 'positive', '258-1.html', '_FILEDESC_258_0'),
(258, 1, 'negative', '258-2.html', '_FILEDESC_258_1'),
(259, 0, 'positive', '259-1.html', '_FILEDESC_259_0'),
(259, 1, 'negative', '259-2.html', '_FILEDESC_259_1'),
(260, 0, 'positive', '260-1.html', '_FILEDESC_260_0'),
(260, 1, 'negative', '260-2.html', '_FILEDESC_260_1'),
(261, 0, 'positive', '261-1.html', '_FILEDESC_261_0'),
(261, 1, 'negative', '261-2.html', '_FILEDESC_261_1'),
(262, 0, 'positive', '262-1.html', '_FILEDESC_262_0'),
(262, 1, 'negative', '262-2.html', '_FILEDESC_262_1'),
(263, 0, 'positive', '263-1.html', '_FILEDESC_263_0'),
(263, 1, 'negative', '263-2.html', '_FILEDESC_263_1'),
(264, 0, 'positive', '264-1.html', '_FILEDESC_264_0'),
(264, 1, 'positive', '264-2.html', '_FILEDESC_264_1'),
(264, 2, 'negative', '264-3.html', '_FILEDESC_264_2'),
(265, 0, 'positive', '264-1.html', '_FILEDESC_265_0'),
(265, 1, 'negative', '264-2.html', '_FILEDESC_265_1'),
(266, 0, 'positive', '266-1.html', '_FILEDESC_266_0'),
(266, 1, 'negative', '266-2.html', '_FILEDESC_266_1'),
(267, 0, 'positive', '267-1.html', '_FILEDESC_267_0'),
(267, 1, 'negative', '267-2.html', '_FILEDESC_267_1'),
(268, 0, 'positive', '268-1.html', '_FILEDESC_268_0'),
(268, 1, 'negative', '268-2.html', '_FILEDESC_268_1'),
(269, 0, 'positive', '269-1.html', '_FILEDESC_269_0'),
(269, 1, 'negative', '269-2.html', '_FILEDESC_269_1'),
(270, 0, 'positive', '270-1.html', '_FILEDESC_270_0'),
(270, 1, 'negative', '270-2.html', '_FILEDESC_270_1'),
(271, 0, 'positive', '271-1.html', '_FILEDESC_271_0'),
(271, 1, 'negative', '271-2.html', '_FILEDESC_271_1'),
(272, 0, 'positive', '272-1.html', '_FILEDESC_272_0'),
(272, 1, 'negative', '272-2.html', '_FILEDESC_272_1'),
(273, 0, 'positive', '273-1.html', '_FILEDESC_273_0'),
(273, 1, 'negative', '273-2.html', '_FILEDESC_273_1'),
(273, 2, 'negative', '273-3.html', '_FILEDESC_273_2'),
(273, 3, 'positive', '273-4.html', '_FILEDESC_273_3'),
(274, 0, 'positive', '274-1.html', '_FILEDESC_274_0'),
(274, 1, 'negative', '274-2.html', '_FILEDESC_274_1'),
(274, 2, 'negative', '274-3.html', '_FILEDESC_274_2'),
(274, 3, 'negative', '274-4.html', '_FILEDESC_274_3'),
(274, 4, 'negative', '274-5.html', '_FILEDESC_274_4'),
(274, 5, 'negative', '274-6.html', '_FILEDESC_274_5'),
(274, 6, 'negative', '274-7.html', '_FILEDESC_274_6'),
(275, 0, 'positive', '275-1.html', '_FILEDESC_275_0'),
(275, 1, 'negative', '275-2.html', '_FILEDESC_275_1'),
(276, 0, 'negative', '276-1.html', '_FILEDESC_276_0'),
(276, 1, 'negative', '276-2.html', '_FILEDESC_276_1'),
(276, 2, 'positive', '276-3.html', '_FILEDESC_276_2');


-- Table structure for table `test_pass`

CREATE TABLE `test_pass` (
  `check_id` mediumint(8) unsigned NOT NULL,
  `next_check_id` mediumint(8) unsigned NOT NULL,
  PRIMARY KEY  (`check_id`,`next_check_id`)
) ENGINE=MyISAM DEFAULT CHARSET=utf8;

-- Dumping data for table `test_pass`

INSERT INTO `test_pass` (`check_id`, `next_check_id`) VALUES
(1, 3),
(1, 6),
(1, 7),
(1, 11),
(1, 16),
(2, 3),
(2, 6),
(2, 7),
(2, 11),
(2, 16),
(3, 6),
(3, 16),
(3, 178),
(4, 6),
(6, 7),
(16, 6),
(51, 54),
(53, 54),
(58, 59),
(58, 193),
(111, 203),
(112, 113),
(221, 222),
(222, 223),
(223, 224),
(226, 227),
(227, 228),
(228, 229),
(237, 59),
(237, 60),
(237, 192),
(237, 193),
(238, 59),
(238, 60),
(238, 192),
(238, 193),
(254, 222),
(255, 223),
(256, 224);


-- Table structure for table `test_procedure`

CREATE TABLE `test_procedure` (
  `check_id` mediumint(8) unsigned NOT NULL,
  `step_id` mediumint(8) unsigned NOT NULL,
  `step` text,
  PRIMARY KEY  (`check_id`,`step_id`)
) ENGINE=MyISAM DEFAULT CHARSET=utf8;

-- Dumping data for table `test_procedure`

INSERT INTO `test_procedure` (`check_id`, `step_id`, `step`) VALUES
(1, 0, '_PROCEDURESTEP_1_0'),
(2, 0, '_PROCEDURESTEP_2_0'),
(3, 0, '_PROCEDURESTEP_3_0'),
(3, 1, '_PROCEDURESTEP_3_1'),
(4, 0, '_PROCEDURESTEP_4_0'),
(4, 1, '_PROCEDURESTEP_4_1'),
(4, 2, '_PROCEDURESTEP_4_2'),
(5, 0, '_PROCEDURESTEP_5_0'),
(5, 1, '_PROCEDURESTEP_5_1'),
(6, 0, '_PROCEDURESTEP_6_0'),
(6, 1, '_PROCEDURESTEP_6_1'),
(7, 0, '_PROCEDURESTEP_7_0'),
(7, 1, '_PROCEDURESTEP_7_1'),
(7, 2, '_PROCEDURESTEP_7_2'),
(8, 0, '_PROCEDURESTEP_8_0'),
(8, 1, '_PROCEDURESTEP_8_1'),
(8, 2, '_PROCEDURESTEP_8_2'),
(8, 3, '_PROCEDURESTEP_8_3'),
(8, 4, '_PROCEDURESTEP_8_4'),
(8, 5, '_PROCEDURESTEP_8_5'),
(9, 0, '_PROCEDURESTEP_9_0'),
(9, 1, '_PROCEDURESTEP_9_1'),
(10, 0, '_PROCEDURESTEP_10_0'),
(10, 1, '_PROCEDURESTEP_10_1'),
(11, 0, '_PROCEDURESTEP_11_0'),
(11, 1, '_PROCEDURESTEP_11_1'),
(11, 2, '_PROCEDURESTEP_11_2'),
(11, 3, '_PROCEDURESTEP_11_3'),
(12, 0, '_PROCEDURESTEP_12_0'),
(13, 0, '_PROCEDURESTEP_13_0'),
(13, 1, '_PROCEDURESTEP_13_1'),
(13, 2, '_PROCEDURESTEP_13_2'),
(14, 0, '_PROCEDURESTEP_14_0'),
(14, 1, '_PROCEDURESTEP_14_1'),
(14, 2, '_PROCEDURESTEP_14_2'),
(15, 0, '_PROCEDURESTEP_15_0'),
(15, 1, '_PROCEDURESTEP_15_1'),
(16, 0, '_PROCEDURESTEP_16_0'),
(16, 1, '_PROCEDURESTEP_16_1'),
(16, 2, '_PROCEDURESTEP_16_2'),
(17, 0, '_PROCEDURESTEP_17_0'),
(17, 1, '_PROCEDURESTEP_17_1'),
(17, 2, '_PROCEDURESTEP_17_2'),
(17, 3, '_PROCEDURESTEP_17_3'),
(18, 0, '_PROCEDURESTEP_18_0'),
(18, 1, '_PROCEDURESTEP_18_1'),
(18, 2, '_PROCEDURESTEP_18_2'),
(19, 0, '_PROCEDURESTEP_19_0'),
(19, 1, '_PROCEDURESTEP_19_1'),
(20, 0, '_PROCEDURESTEP_20_0'),
(20, 1, '_PROCEDURESTEP_20_1'),
(20, 2, '_PROCEDURESTEP_20_2'),
(21, 0, '_PROCEDURESTEP_21_0'),
(22, 0, '_PROCEDURESTEP_22_0'),
(22, 1, '_PROCEDURESTEP_22_1'),
(23, 0, '_PROCEDURESTEP_23_0'),
(24, 0, '_PROCEDURESTEP_24_0'),
(25, 0, '_PROCEDURESTEP_25_0'),
(26, 0, '_PROCEDURESTEP_26_0'),
(27, 0, '_PROCEDURESTEP_27_0'),
(28, 0, '_PROCEDURESTEP_28_0'),
(28, 1, '_PROCEDURESTEP_28_1'),
(28, 2, '_PROCEDURESTEP_28_2'),
(28, 3, '_PROCEDURESTEP_28_3'),
(29, 0, '_PROCEDURESTEP_29_0'),
(29, 1, '_PROCEDURESTEP_29_1'),
(30, 0, '_PROCEDURESTEP_30_0'),
(30, 1, '_PROCEDURESTEP_30_1'),
(31, 0, '_PROCEDURESTEP_31_0'),
(32, 0, '_PROCEDURESTEP_32_0'),
(32, 1, '_PROCEDURESTEP_32_1'),
(33, 0, '_PROCEDURESTEP_33_0'),
(33, 1, '_PROCEDURESTEP_33_1'),
(34, 0, '_PROCEDURESTEP_34_0'),
(34, 1, '_PROCEDURESTEP_34_1'),
(34, 2, '_PROCEDURESTEP_34_2'),
(35, 0, '_PROCEDURESTEP_35_0'),
(36, 0, '_PROCEDURESTEP_36_0'),
(37, 0, '_PROCEDURESTEP_37_0'),
(38, 0, '_PROCEDURESTEP_38_0'),
(39, 0, '_PROCEDURESTEP_39_0'),
(40, 0, '_PROCEDURESTEP_40_0'),
(41, 0, '_PROCEDURESTEP_41_0'),
(42, 0, '_PROCEDURESTEP_42_0'),
(43, 0, '_PROCEDURESTEP_43_0'),
(44, 0, '_PROCEDURESTEP_44_0'),
(45, 0, '_PROCEDURESTEP_45_0'),
(46, 0, '_PROCEDURESTEP_46_0'),
(47, 0, '_PROCEDURESTEP_47_0'),
(48, 0, '_PROCEDURESTEP_48_0'),
(48, 1, '_PROCEDURESTEP_48_1'),
(48, 2, '_PROCEDURESTEP_48_2'),
(48, 3, '_PROCEDURESTEP_48_3'),
(49, 0, '_PROCEDURESTEP_49_0'),
(49, 1, '_PROCEDURESTEP_49_1'),
(49, 2, '_PROCEDURESTEP_49_2'),
(49, 3, '_PROCEDURESTEP_49_3'),
(49, 4, '_PROCEDURESTEP_49_4'),
(49, 5, '_PROCEDURESTEP_49_5'),
(50, 0, '_PROCEDURESTEP_50_0'),
(51, 0, '_PROCEDURESTEP_51_0'),
(51, 1, '_PROCEDURESTEP_51_1'),
(52, 0, '_PROCEDURESTEP_52_0'),
(52, 1, '_PROCEDURESTEP_52_1'),
(53, 0, '_PROCEDURESTEP_53_0'),
(53, 1, '_PROCEDURESTEP_53_1'),
(54, 0, '_PROCEDURESTEP_54_0'),
(54, 1, '_PROCEDURESTEP_54_1'),
(55, 0, '_PROCEDURESTEP_55_0'),
(57, 0, '_PROCEDURESTEP_57_0'),
(57, 1, '_PROCEDURESTEP_57_1'),
(57, 2, '_PROCEDURESTEP_57_2'),
(57, 3, '_PROCEDURESTEP_57_3'),
(57, 4, '_PROCEDURESTEP_57_4'),
(57, 5, '_PROCEDURESTEP_57_5'),
(57, 6, '_PROCEDURESTEP_57_6'),
(58, 0, '_PROCEDURESTEP_58_0'),
(58, 1, '_PROCEDURESTEP_58_1'),
(59, 0, '_PROCEDURESTEP_59_0'),
(59, 1, '_PROCEDURESTEP_59_1'),
(60, 0, '_PROCEDURESTEP_60_0'),
(60, 1, '_PROCEDURESTEP_60_1'),
(61, 0, '_PROCEDURESTEP_61_0'),
(61, 1, '_PROCEDURESTEP_61_1'),
(61, 2, '_PROCEDURESTEP_61_2'),
(62, 0, '_PROCEDURESTEP_62_0'),
(62, 1, '_PROCEDURESTEP_62_1'),
(63, 0, '_PROCEDURESTEP_63_0'),
(63, 1, '_PROCEDURESTEP_63_1'),
(64, 0, '_PROCEDURESTEP_64_0'),
(65, 0, '_PROCEDURESTEP_65_0'),
(66, 0, '_PROCEDURESTEP_66_0'),
(66, 1, '_PROCEDURESTEP_66_1'),
(66, 2, '_PROCEDURESTEP_66_2'),
(66, 3, '_PROCEDURESTEP_66_3'),
(68, 0, '_PROCEDURESTEP_68_0'),
(68, 1, '_PROCEDURESTEP_68_1'),
(68, 2, '_PROCEDURESTEP_68_2'),
(69, 0, '_PROCEDURESTEP_69_0'),
(70, 0, '_PROCEDURESTEP_70_0'),
(70, 1, '_PROCEDURESTEP_70_1'),
(70, 2, '_PROCEDURESTEP_70_2'),
(70, 3, '_PROCEDURESTEP_70_3'),
(71, 0, '_PROCEDURESTEP_71_0'),
(72, 0, '_PROCEDURESTEP_72_0'),
(72, 1, '_PROCEDURESTEP_72_1'),
(72, 2, '_PROCEDURESTEP_72_2'),
(73, 0, '_PROCEDURESTEP_73_0'),
(73, 1, '_PROCEDURESTEP_73_1'),
(74, 0, '_PROCEDURESTEP_74_0'),
(75, 0, '_PROCEDURESTEP_75_0'),
(76, 0, '_PROCEDURESTEP_76_0'),
(76, 1, '_PROCEDURESTEP_76_1'),
(77, 0, '_PROCEDURESTEP_77_0'),
(77, 1, '_PROCEDURESTEP_77_1'),
(77, 2, '_PROCEDURESTEP_77_2'),
(78, 0, '_PROCEDURESTEP_78_0'),
(79, 0, '_PROCEDURESTEP_79_0'),
(80, 0, '_PROCEDURESTEP_80_0'),
(81, 0, '_PROCEDURESTEP_81_0'),
(81, 1, '_PROCEDURESTEP_81_1'),
(81, 2, '_PROCEDURESTEP_81_2'),
(81, 3, '_PROCEDURESTEP_81_3'),
(82, 0, '_PROCEDURESTEP_82_0'),
(82, 1, '_PROCEDURESTEP_82_1'),
(82, 2, '_PROCEDURESTEP_82_2'),
(82, 3, '_PROCEDURESTEP_82_3'),
(83, 0, '_PROCEDURESTEP_83_0'),
(84, 0, '_PROCEDURESTEP_84_0'),
(86, 0, '_PROCEDURESTEP_86_0'),
(87, 0, '_PROCEDURESTEP_87_0'),
(88, 0, '_PROCEDURESTEP_88_0'),
(89, 0, '_PROCEDURESTEP_89_0'),
(89, 1, '_PROCEDURESTEP_89_1'),
(90, 0, '_PROCEDURESTEP_90_0'),
(90, 1, '_PROCEDURESTEP_90_1'),
(90, 2, '_PROCEDURESTEP_90_2'),
(90, 3, '_PROCEDURESTEP_90_3'),
(91, 0, '_PROCEDURESTEP_91_0'),
(91, 1, '_PROCEDURESTEP_91_1'),
(91, 2, '_PROCEDURESTEP_91_2'),
(91, 3, '_PROCEDURESTEP_91_3'),
(91, 4, '_PROCEDURESTEP_91_4'),
(91, 5, '_PROCEDURESTEP_91_5'),
(91, 6, '_PROCEDURESTEP_91_6'),
(92, 0, '_PROCEDURESTEP_92_0'),
(92, 1, '_PROCEDURESTEP_92_1'),
(92, 2, '_PROCEDURESTEP_92_2'),
(92, 3, '_PROCEDURESTEP_92_3'),
(92, 4, '_PROCEDURESTEP_92_4'),
(92, 5, '_PROCEDURESTEP_92_5'),
(92, 6, '_PROCEDURESTEP_92_6'),
(92, 7, '_PROCEDURESTEP_92_7'),
(94, 0, '_PROCEDURESTEP_94_0'),
(94, 1, '_PROCEDURESTEP_94_1'),
(95, 0, '_PROCEDURESTEP_95_0'),
(95, 1, '_PROCEDURESTEP_95_1'),
(95, 2, '_PROCEDURESTEP_95_2'),
(95, 3, '_PROCEDURESTEP_95_3'),
(95, 4, '_PROCEDURESTEP_95_4'),
(95, 5, '_PROCEDURESTEP_95_5'),
(95, 6, '_PROCEDURESTEP_95_6'),
(96, 0, '_PROCEDURESTEP_96_0'),
(97, 0, '_PROCEDURESTEP_97_0'),
(97, 1, '_PROCEDURESTEP_97_1'),
(97, 2, '_PROCEDURESTEP_97_2'),
(98, 0, '_PROCEDURESTEP_98_0'),
(98, 1, '_PROCEDURESTEP_98_1'),
(99, 0, '_PROCEDURESTEP_99_0'),
(99, 1, '_PROCEDURESTEP_99_1'),
(100, 0, '_PROCEDURESTEP_100_0'),
(100, 1, '_PROCEDURESTEP_100_1'),
(101, 0, '_PROCEDURESTEP_101_0'),
(102, 0, '_PROCEDURESTEP_102_0'),
(102, 1, '_PROCEDURESTEP_102_1'),
(103, 0, '_PROCEDURESTEP_103_0'),
(103, 1, '_PROCEDURESTEP_103_1'),
(104, 0, '_PROCEDURESTEP_104_0'),
(104, 1, '_PROCEDURESTEP_104_1'),
(105, 0, '_PROCEDURESTEP_105_0'),
(105, 1, '_PROCEDURESTEP_105_1'),
(106, 0, '_PROCEDURESTEP_106_0'),
(106, 1, '_PROCEDURESTEP_106_1'),
(107, 0, '_PROCEDURESTEP_107_0'),
(107, 1, '_PROCEDURESTEP_107_1'),
(108, 0, '_PROCEDURESTEP_108_0'),
(108, 1, '_PROCEDURESTEP_108_1'),
(109, 0, '_PROCEDURESTEP_109_0'),
(109, 1, '_PROCEDURESTEP_109_1'),
(109, 2, '_PROCEDURESTEP_109_2'),
(110, 0, '_PROCEDURESTEP_110_0'),
(110, 1, '_PROCEDURESTEP_110_1'),
(111, 0, '_PROCEDURESTEP_111_0'),
(111, 1, '_PROCEDURESTEP_111_1'),
(111, 2, '_PROCEDURESTEP_111_2'),
(111, 3, '_PROCEDURESTEP_111_3'),
(112, 0, '_PROCEDURESTEP_112_0'),
(112, 1, '_PROCEDURESTEP_112_1'),
(112, 2, '_PROCEDURESTEP_112_2'),
(113, 0, '_PROCEDURESTEP_113_0'),
(113, 1, '_PROCEDURESTEP_113_1'),
(114, 0, '_PROCEDURESTEP_114_0'),
(114, 1, '_PROCEDURESTEP_114_1'),
(114, 2, '_PROCEDURESTEP_114_2'),
(115, 0, '_PROCEDURESTEP_115_0'),
(115, 1, '_PROCEDURESTEP_115_1'),
(115, 2, '_PROCEDURESTEP_115_2'),
(116, 0, '_PROCEDURESTEP_116_0'),
(117, 0, '_PROCEDURESTEP_117_0'),
(118, 0, '_PROCEDURESTEP_118_0'),
(118, 1, '_PROCEDURESTEP_118_1'),
(118, 2, '_PROCEDURESTEP_118_2'),
(118, 3, '_PROCEDURESTEP_118_3'),
(118, 4, '_PROCEDURESTEP_118_4'),
(118, 5, '_PROCEDURESTEP_118_5'),
(118, 6, '_PROCEDURESTEP_118_6'),
(119, 0, '_PROCEDURESTEP_119_0'),
(119, 1, '_PROCEDURESTEP_119_1'),
(119, 2, '_PROCEDURESTEP_119_2'),
(119, 3, '_PROCEDURESTEP_119_3'),
(119, 4, '_PROCEDURESTEP_119_4'),
(119, 5, '_PROCEDURESTEP_119_5'),
(119, 6, '_PROCEDURESTEP_119_6'),
(120, 0, '_PROCEDURESTEP_120_0'),
(120, 1, '_PROCEDURESTEP_120_1'),
(120, 2, '_PROCEDURESTEP_120_2'),
(120, 3, '_PROCEDURESTEP_120_3'),
(120, 4, '_PROCEDURESTEP_120_4'),
(120, 5, '_PROCEDURESTEP_120_5'),
(120, 6, '_PROCEDURESTEP_120_6'),
(121, 0, '_PROCEDURESTEP_121_0'),
(121, 1, '_PROCEDURESTEP_121_1'),
(121, 2, '_PROCEDURESTEP_121_2'),
(121, 3, '_PROCEDURESTEP_121_3'),
(121, 4, '_PROCEDURESTEP_121_4'),
(121, 5, '_PROCEDURESTEP_121_5'),
(121, 6, '_PROCEDURESTEP_121_6'),
(122, 0, '_PROCEDURESTEP_122_0'),
(122, 1, '_PROCEDURESTEP_122_1'),
(123, 0, '_PROCEDURESTEP_123_0'),
(123, 1, '_PROCEDURESTEP_123_1'),
(124, 0, '_PROCEDURESTEP_124_0'),
(124, 1, '_PROCEDURESTEP_124_1'),
(125, 0, '_PROCEDURESTEP_125_0'),
(125, 1, '_PROCEDURESTEP_125_1'),
(126, 0, '_PROCEDURESTEP_126_0'),
(126, 1, '_PROCEDURESTEP_126_1'),
(127, 0, '_PROCEDURESTEP_127_0'),
(128, 0, '_PROCEDURESTEP_128_0'),
(128, 1, '_PROCEDURESTEP_128_1'),
(129, 0, '_PROCEDURESTEP_129_0'),
(129, 1, '_PROCEDURESTEP_129_1'),
(131, 0, '_PROCEDURESTEP_131_0'),
(131, 1, '_PROCEDURESTEP_131_1'),
(132, 0, '_PROCEDURESTEP_132_0'),
(132, 1, '_PROCEDURESTEP_132_1'),
(133, 0, '_PROCEDURESTEP_133_0'),
(133, 1, '_PROCEDURESTEP_133_1'),
(133, 2, '_PROCEDURESTEP_133_2'),
(134, 0, '_PROCEDURESTEP_134_0'),
(134, 1, '_PROCEDURESTEP_134_1'),
(135, 0, '_PROCEDURESTEP_135_0'),
(135, 1, '_PROCEDURESTEP_135_1'),
(135, 2, '_PROCEDURESTEP_135_2'),
(136, 0, '_PROCEDURESTEP_136_0'),
(136, 1, '_PROCEDURESTEP_136_1'),
(137, 0, '_PROCEDURESTEP_137_0'),
(137, 1, '_PROCEDURESTEP_137_1'),
(137, 2, '_PROCEDURESTEP_137_2'),
(138, 0, '_PROCEDURESTEP_138_0'),
(138, 1, '_PROCEDURESTEP_138_1'),
(138, 2, '_PROCEDURESTEP_138_2'),
(139, 0, '_PROCEDURESTEP_139_0'),
(139, 1, '_PROCEDURESTEP_139_1'),
(139, 2, '_PROCEDURESTEP_139_2'),
(140, 0, '_PROCEDURESTEP_140_0'),
(140, 1, '_PROCEDURESTEP_140_1'),
(140, 2, '_PROCEDURESTEP_140_2'),
(141, 0, '_PROCEDURESTEP_141_0'),
(141, 1, '_PROCEDURESTEP_141_1'),
(141, 2, '_PROCEDURESTEP_141_2'),
(142, 0, '_PROCEDURESTEP_142_0'),
(142, 1, '_PROCEDURESTEP_142_1'),
(142, 2, '_PROCEDURESTEP_142_2'),
(143, 0, '_PROCEDURESTEP_143_0'),
(143, 1, '_PROCEDURESTEP_143_1'),
(144, 0, '_PROCEDURESTEP_144_0'),
(144, 1, '_PROCEDURESTEP_144_1'),
(145, 0, '_PROCEDURESTEP_145_0'),
(145, 1, '_PROCEDURESTEP_145_1'),
(145, 2, '_PROCEDURESTEP_145_2'),
(145, 3, '_PROCEDURESTEP_145_3'),
(145, 4, '_PROCEDURESTEP_145_4'),
(146, 0, '_PROCEDURESTEP_146_0'),
(146, 1, '_PROCEDURESTEP_146_1'),
(147, 0, '_PROCEDURESTEP_147_0'),
(147, 1, '_PROCEDURESTEP_147_1'),
(147, 2, '_PROCEDURESTEP_147_2'),
(148, 0, '_PROCEDURESTEP_148_0'),
(148, 1, '_PROCEDURESTEP_148_1'),
(149, 0, '_PROCEDURESTEP_149_0'),
(150, 0, '_PROCEDURESTEP_150_0'),
(151, 0, '_PROCEDURESTEP_151_0'),
(151, 1, '_PROCEDURESTEP_151_1'),
(151, 2, '_PROCEDURESTEP_151_2'),
(151, 3, '_PROCEDURESTEP_151_3'),
(152, 0, '_PROCEDURESTEP_152_0'),
(152, 1, '_PROCEDURESTEP_152_1'),
(152, 2, '_PROCEDURESTEP_152_2'),
(153, 0, '_PROCEDURESTEP_153_0'),
(154, 0, '_PROCEDURESTEP_154_0'),
(155, 0, '_PROCEDURESTEP_155_0'),
(156, 0, '_PROCEDURESTEP_156_0'),
(157, 0, '_PROCEDURESTEP_157_0'),
(158, 0, '_PROCEDURESTEP_158_0'),
(159, 0, '_PROCEDURESTEP_159_0'),
(160, 0, '_PROCEDURESTEP_160_0'),
(160, 1, '_PROCEDURESTEP_160_1'),
(161, 0, '_PROCEDURESTEP_161_0'),
(162, 0, '_PROCEDURESTEP_162_0'),
(163, 0, '_PROCEDURESTEP_163_0'),
(163, 1, '_PROCEDURESTEP_163_1'),
(163, 2, '_PROCEDURESTEP_163_2'),
(164, 0, '_PROCEDURESTEP_164_0'),
(165, 0, '_PROCEDURESTEP_165_0'),
(166, 0, '_PROCEDURESTEP_166_0'),
(167, 0, '_PROCEDURESTEP_167_0'),
(168, 0, '_PROCEDURESTEP_168_0'),
(168, 1, '_PROCEDURESTEP_168_1'),
(168, 2, '_PROCEDURESTEP_168_2'),
(169, 0, '_PROCEDURESTEP_169_0'),
(173, 0, '_PROCEDURESTEP_173_0'),
(174, 0, '_PROCEDURESTEP_174_0'),
(174, 1, '_PROCEDURESTEP_174_1'),
(174, 2, '_PROCEDURESTEP_174_2'),
(175, 0, '_PROCEDURESTEP_175_0'),
(175, 1, '_PROCEDURESTEP_175_1'),
(176, 0, '_PROCEDURESTEP_176_0'),
(177, 0, '_PROCEDURESTEP_177_0'),
(178, 0, '_PROCEDURESTEP_178_0'),
(178, 1, '_PROCEDURESTEP_178_1'),
(179, 0, '_PROCEDURESTEP_179_0'),
(180, 0, '_PROCEDURESTEP_180_0'),
(180, 1, '_PROCEDURESTEP_180_1'),
(181, 0, '_PROCEDURESTEP_181_0'),
(182, 0, '_PROCEDURESTEP_182_0'),
(183, 0, '_PROCEDURESTEP_183_0'),
(184, 0, '_PROCEDURESTEP_184_0'),
(184, 1, '_PROCEDURESTEP_184_1'),
(185, 0, '_PROCEDURESTEP_185_0'),
(186, 0, '_PROCEDURESTEP_186_0'),
(187, 0, '_PROCEDURESTEP_187_0'),
(187, 1, '_PROCEDURESTEP_187_1'),
(188, 0, '_PROCEDURESTEP_188_0'),
(188, 1, '_PROCEDURESTEP_188_1'),
(189, 0, '_PROCEDURESTEP_189_0'),
(189, 1, '_PROCEDURESTEP_189_1'),
(190, 0, '_PROCEDURESTEP_190_0'),
(190, 1, '_PROCEDURESTEP_190_1'),
(191, 0, '_PROCEDURESTEP_191_0'),
(191, 1, '_PROCEDURESTEP_191_1'),
(192, 0, '_PROCEDURESTEP_192_0'),
(192, 1, '_PROCEDURESTEP_192_1'),
(193, 0, '_PROCEDURESTEP_193_0'),
(193, 1, '_PROCEDURESTEP_193_1'),
(193, 2, '_PROCEDURESTEP_193_2'),
(194, 0, '_PROCEDURESTEP_194_0'),
(194, 1, '_PROCEDURESTEP_194_1'),
(194, 2, '_PROCEDURESTEP_194_2'),
(195, 0, '_PROCEDURESTEP_195_0'),
(195, 1, '_PROCEDURESTEP_195_1'),
(195, 2, '_PROCEDURESTEP_195_2'),
(196, 0, '_PROCEDURESTEP_196_0'),
(196, 1, '_PROCEDURESTEP_196_1'),
(197, 0, '_PROCEDURESTEP_197_0'),
(197, 1, '_PROCEDURESTEP_197_1'),
(197, 2, '_PROCEDURESTEP_197_2'),
(198, 0, '_PROCEDURESTEP_198_0'),
(198, 1, '_PROCEDURESTEP_198_1'),
(199, 0, '_PROCEDURESTEP_199_0'),
(200, 0, '_PROCEDURESTEP_200_0'),
(200, 1, '_PROCEDURESTEP_200_1'),
(201, 0, '_PROCEDURESTEP_201_0'),
(202, 0, '_PROCEDURESTEP_202_0'),
(202, 1, '_PROCEDURESTEP_202_1'),
(203, 0, '_PROCEDURESTEP_203_0'),
(203, 1, '_PROCEDURESTEP_203_1'),
(204, 0, '_PROCEDURESTEP_204_0'),
(204, 1, '_PROCEDURESTEP_204_1'),
(204, 2, '_PROCEDURESTEP_204_2'),
(204, 3, '_PROCEDURESTEP_204_3'),
(204, 4, '_PROCEDURESTEP_204_4'),
(204, 5, '_PROCEDURESTEP_204_5'),
(204, 6, '_PROCEDURESTEP_204_6'),
(204, 7, '_PROCEDURESTEP_204_7'),
(205, 0, '_PROCEDURESTEP_205_0'),
(205, 1, '_PROCEDURESTEP_205_1'),
(205, 2, '_PROCEDURESTEP_205_2'),
(205, 3, '_PROCEDURESTEP_205_3'),
(205, 4, '_PROCEDURESTEP_205_4'),
(205, 5, '_PROCEDURESTEP_205_5'),
(205, 6, '_PROCEDURESTEP_205_6'),
(205, 7, '_PROCEDURESTEP_205_7'),
(206, 0, '_PROCEDURESTEP_206_0'),
(206, 1, '_PROCEDURESTEP_206_1'),
(206, 2, '_PROCEDURESTEP_206_2'),
(206, 3, '_PROCEDURESTEP_206_3'),
(206, 4, '_PROCEDURESTEP_206_4'),
(206, 5, '_PROCEDURESTEP_206_5'),
(206, 6, '_PROCEDURESTEP_206_6'),
(206, 7, '_PROCEDURESTEP_206_7'),
(207, 0, '_PROCEDURESTEP_207_0'),
(207, 1, '_PROCEDURESTEP_207_1'),
(207, 2, '_PROCEDURESTEP_207_2'),
(207, 3, '_PROCEDURESTEP_207_3'),
(207, 4, '_PROCEDURESTEP_207_4'),
(207, 5, '_PROCEDURESTEP_207_5'),
(207, 6, '_PROCEDURESTEP_207_6'),
(207, 7, '_PROCEDURESTEP_207_7'),
(208, 0, '_PROCEDURESTEP_208_0'),
(208, 1, '_PROCEDURESTEP_208_1'),
(209, 0, '_PROCEDURESTEP_209_0'),
(209, 1, '_PROCEDURESTEP_209_1'),
(210, 0, '_PROCEDURESTEP_210_0'),
(210, 1, '_PROCEDURESTEP_210_1'),
(211, 0, '_PROCEDURESTEP_211_0'),
(211, 1, '_PROCEDURESTEP_211_1'),
(212, 0, '_PROCEDURESTEP_212_0'),
(212, 1, '_PROCEDURESTEP_212_1'),
(212, 2, '_PROCEDURESTEP_212_2'),
(212, 3, '_PROCEDURESTEP_212_3'),
(212, 4, '_PROCEDURESTEP_212_4'),
(212, 5, '_PROCEDURESTEP_212_5'),
(212, 6, '_PROCEDURESTEP_212_6'),
(212, 7, '_PROCEDURESTEP_212_7'),
(213, 0, '_PROCEDURESTEP_213_0'),
(213, 1, '_PROCEDURESTEP_213_1'),
(213, 2, '_PROCEDURESTEP_213_2'),
(213, 3, '_PROCEDURESTEP_213_3'),
(213, 4, '_PROCEDURESTEP_213_4'),
(213, 5, '_PROCEDURESTEP_213_5'),
(213, 6, '_PROCEDURESTEP_213_6'),
(213, 7, '_PROCEDURESTEP_213_7'),
(214, 0, '_PROCEDURESTEP_214_0'),
(214, 1, '_PROCEDURESTEP_214_1'),
(214, 2, '_PROCEDURESTEP_214_2'),
(214, 3, '_PROCEDURESTEP_214_3'),
(214, 4, '_PROCEDURESTEP_214_4'),
(214, 5, '_PROCEDURESTEP_214_5'),
(214, 6, '_PROCEDURESTEP_214_6'),
(214, 7, '_PROCEDURESTEP_214_7'),
(216, 0, '_PROCEDURESTEP_216_0'),
(216, 1, '_PROCEDURESTEP_216_1'),
(216, 2, '_PROCEDURESTEP_216_2'),
(216, 3, '_PROCEDURESTEP_216_3'),
(216, 4, '_PROCEDURESTEP_216_4'),
(216, 5, '_PROCEDURESTEP_216_5'),
(216, 6, '_PROCEDURESTEP_216_6'),
(216, 7, '_PROCEDURESTEP_216_7'),
(217, 0, '_PROCEDURESTEP_217_0'),
(217, 1, '_PROCEDURESTEP_217_1'),
(217, 2, '_PROCEDURESTEP_217_2'),
(217, 3, '_PROCEDURESTEP_217_3'),
(217, 4, '_PROCEDURESTEP_217_4'),
(217, 5, '_PROCEDURESTEP_217_5'),
(217, 6, '_PROCEDURESTEP_217_6'),
(217, 7, '_PROCEDURESTEP_217_7'),
(218, 0, '_PROCEDURESTEP_218_0'),
(218, 1, '_PROCEDURESTEP_218_1'),
(218, 2, '_PROCEDURESTEP_218_2'),
(218, 3, '_PROCEDURESTEP_218_3'),
(218, 4, '_PROCEDURESTEP_218_4'),
(218, 5, '_PROCEDURESTEP_218_5'),
(218, 6, '_PROCEDURESTEP_218_6'),
(218, 7, '_PROCEDURESTEP_218_7'),
(219, 0, '_PROCEDURESTEP_219_0'),
(219, 1, '_PROCEDURESTEP_219_1'),
(219, 2, '_PROCEDURESTEP_219_2'),
(219, 3, '_PROCEDURESTEP_219_3'),
(219, 4, '_PROCEDURESTEP_219_4'),
(219, 5, '_PROCEDURESTEP_219_5'),
(219, 6, '_PROCEDURESTEP_219_6'),
(219, 7, '_PROCEDURESTEP_219_7'),
(220, 0, '_PROCEDURESTEP_220_0'),
(220, 1, '_PROCEDURESTEP_220_1'),
(220, 2, '_PROCEDURESTEP_220_2'),
(220, 3, '_PROCEDURESTEP_220_3'),
(220, 4, '_PROCEDURESTEP_220_4'),
(220, 5, '_PROCEDURESTEP_220_5'),
(220, 6, '_PROCEDURESTEP_220_6'),
(220, 7, '_PROCEDURESTEP_220_7'),
(221, 0, '_PROCEDURESTEP_221_0'),
(221, 1, '_PROCEDURESTEP_221_1'),
(221, 2, '_PROCEDURESTEP_221_2'),
(221, 3, '_PROCEDURESTEP_221_3'),
(221, 4, '_PROCEDURESTEP_221_4'),
(222, 0, '_PROCEDURESTEP_222_0'),
(222, 1, '_PROCEDURESTEP_222_1'),
(222, 2, '_PROCEDURESTEP_222_2'),
(222, 3, '_PROCEDURESTEP_222_3'),
(222, 4, '_PROCEDURESTEP_222_4'),
(223, 0, '_PROCEDURESTEP_223_0'),
(223, 1, '_PROCEDURESTEP_223_1'),
(223, 2, '_PROCEDURESTEP_223_2'),
(223, 3, '_PROCEDURESTEP_223_3'),
(223, 4, '_PROCEDURESTEP_223_4'),
(224, 0, '_PROCEDURESTEP_224_0'),
(224, 1, '_PROCEDURESTEP_224_1'),
(224, 2, '_PROCEDURESTEP_224_2'),
(224, 3, '_PROCEDURESTEP_224_3'),
(224, 4, '_PROCEDURESTEP_224_4'),
(225, 0, '_PROCEDURESTEP_225_0'),
(225, 1, '_PROCEDURESTEP_225_1'),
(225, 2, '_PROCEDURESTEP_225_2'),
(225, 3, '_PROCEDURESTEP_225_3'),
(226, 0, '_PROCEDURESTEP_226_0'),
(226, 1, '_PROCEDURESTEP_226_1'),
(226, 2, '_PROCEDURESTEP_226_2'),
(226, 3, '_PROCEDURESTEP_226_3'),
(226, 4, '_PROCEDURESTEP_226_4'),
(227, 0, '_PROCEDURESTEP_227_0'),
(227, 1, '_PROCEDURESTEP_227_1'),
(227, 2, '_PROCEDURESTEP_227_2'),
(227, 3, '_PROCEDURESTEP_227_3'),
(227, 4, '_PROCEDURESTEP_227_4'),
(228, 0, '_PROCEDURESTEP_228_0'),
(228, 1, '_PROCEDURESTEP_228_1'),
(228, 2, '_PROCEDURESTEP_228_2'),
(228, 3, '_PROCEDURESTEP_228_3'),
(228, 4, '_PROCEDURESTEP_228_4'),
(229, 0, '_PROCEDURESTEP_229_0'),
(229, 1, '_PROCEDURESTEP_229_1'),
(229, 2, '_PROCEDURESTEP_229_2'),
(229, 3, '_PROCEDURESTEP_229_3'),
(229, 4, '_PROCEDURESTEP_229_4'),
(230, 0, '_PROCEDURESTEP_230_0'),
(231, 0, '_PROCEDURESTEP_231_0'),
(232, 0, '_PROCEDURESTEP_232_0'),
(233, 0, '_PROCEDURESTEP_233_0'),
(234, 0, '_PROCEDURESTEP_234_0'),
(235, 0, '_PROCEDURESTEP_235_0'),
(235, 1, '_PROCEDURESTEP_235_1'),
(235, 2, '_PROCEDURESTEP_235_2'),
(236, 0, '_PROCEDURESTEP_236_0'),
(236, 1, '_PROCEDURESTEP_236_1'),
(236, 2, '_PROCEDURESTEP_236_2'),
(237, 0, '_PROCEDURESTEP_237_0'),
(237, 1, '_PROCEDURESTEP_237_1'),
(237, 2, '_PROCEDURESTEP_237_2'),
(237, 3, '_PROCEDURESTEP_237_3'),
(238, 0, '_PROCEDURESTEP_238_0'),
(238, 1, '_PROCEDURESTEP_238_1'),
(238, 2, '_PROCEDURESTEP_238_2'),
(239, 0, '_PROCEDURESTEP_239_0'),
(239, 1, '_PROCEDURESTEP_239_1'),
(239, 2, '_PROCEDURESTEP_239_2'),
(240, 0, '_PROCEDURESTEP_240_0'),
(240, 1, '_PROCEDURESTEP_240_1'),
(240, 2, '_PROCEDURESTEP_240_2'),
(240, 3, '_PROCEDURESTEP_240_3'),
(240, 4, '_PROCEDURESTEP_240_4'),
(240, 5, '_PROCEDURESTEP_240_5'),
(240, 6, '_PROCEDURESTEP_240_6'),
(240, 7, '_PROCEDURESTEP_240_7'),
(240, 8, '_PROCEDURESTEP_240_8'),
(241, 0, '_PROCEDURESTEP_241_0'),
(241, 1, '_PROCEDURESTEP_241_1'),
(242, 0, '_PROCEDURESTEP_242_0'),
(243, 0, '_PROCEDURESTEP_243_0'),
(243, 1, '_PROCEDURESTEP_243_1'),
(244, 0, '_PROCEDURESTEP_244_0'),
(244, 1, '_PROCEDURESTEP_244_1'),
(244, 2, '_PROCEDURESTEP_244_2'),
(245, 0, '_PROCEDURESTEP_245_0'),
(245, 1, '_PROCEDURESTEP_245_1'),
(245, 2, '_PROCEDURESTEP_245_2'),
(246, 0, '_PROCEDURESTEP_246_0'),
(246, 1, '_PROCEDURESTEP_246_1'),
(246, 2, '_PROCEDURESTEP_246_2'),
(247, 0, '_PROCEDURESTEP_247_0'),
(247, 1, '_PROCEDURESTEP_247_1'),
(247, 2, '_PROCEDURESTEP_247_2'),
(248, 0, '_PROCEDURESTEP_248_0'),
(248, 1, '_PROCEDURESTEP_248_1'),
(248, 2, '_PROCEDURESTEP_248_2'),
(249, 0, '_PROCEDURESTEP_249_0'),
(249, 1, '_PROCEDURESTEP_249_1'),
(249, 2, '_PROCEDURESTEP_249_2'),
(250, 0, '_PROCEDURESTEP_250_0'),
(250, 1, '_PROCEDURESTEP_250_1'),
(250, 2, '_PROCEDURESTEP_250_2'),
(251, 0, '_PROCEDURESTEP_251_0'),
(251, 1, '_PROCEDURESTEP_251_1'),
(251, 2, '_PROCEDURESTEP_251_2'),
(251, 3, '_PROCEDURESTEP_251_3'),
(252, 0, '_PROCEDURESTEP_252_0'),
(253, 0, '_PROCEDURESTEP_253_0'),
(253, 1, '_PROCEDURESTEP_253_1'),
(253, 2, '_PROCEDURESTEP_253_2'),
(253, 3, '_PROCEDURESTEP_253_3'),
(254, 0, '_PROCEDURESTEP_254_0'),
(254, 1, '_PROCEDURESTEP_254_1'),
(254, 2, '_PROCEDURESTEP_254_2'),
(254, 3, '_PROCEDURESTEP_254_3'),
(254, 4, '_PROCEDURESTEP_254_4'),
(255, 0, '_PROCEDURESTEP_255_0'),
(255, 1, '_PROCEDURESTEP_255_1'),
(255, 2, '_PROCEDURESTEP_255_2'),
(255, 3, '_PROCEDURESTEP_255_3'),
(255, 4, '_PROCEDURESTEP_255_4'),
(256, 0, '_PROCEDURESTEP_256_0'),
(256, 1, '_PROCEDURESTEP_256_1'),
(256, 2, '_PROCEDURESTEP_256_2'),
(256, 3, '_PROCEDURESTEP_256_3'),
(256, 4, '_PROCEDURESTEP_256_4'),
(257, 0, '_PROCEDURESTEP_257_0'),
(257, 1, '_PROCEDURESTEP_257_1'),
(257, 2, '_PROCEDURESTEP_257_2'),
(257, 3, '_PROCEDURESTEP_257_3'),
(257, 4, '_PROCEDURESTEP_257_4'),
(258, 0, '_PROCEDURESTEP_258_0'),
(258, 1, '_PROCEDURESTEP_258_1'),
(258, 2, '_PROCEDURESTEP_258_2'),
(259, 0, '_PROCEDURESTEP_259_0'),
(259, 1, '_PROCEDURESTEP_259_1'),
(259, 2, '_PROCEDURESTEP_259_2'),
(260, 0, '_PROCEDURESTEP_260_0'),
(260, 1, '_PROCEDURESTEP_260_1'),
(260, 2, '_PROCEDURESTEP_260_2'),
(261, 0, '_PROCEDURESTEP_261_0'),
(261, 1, '_PROCEDURESTEP_261_1'),
(262, 0, '_PROCEDURESTEP_262_0'),
(262, 1, '_PROCEDURESTEP_262_1'),
(262, 2, '_PROCEDURESTEP_262_2'),
(262, 3, '_PROCEDURESTEP_262_3'),
(263, 0, '_PROCEDURESTEP_263_0'),
(263, 1, '_PROCEDURESTEP_263_1'),
(263, 2, '_PROCEDURESTEP_263_2'),
(264, 0, '_PROCEDURESTEP_264_0'),
(264, 1, '_PROCEDURESTEP_264_1'),
(264, 2, '_PROCEDURESTEP_264_2'),
(265, 0, '_PROCEDURESTEP_265_0'),
(265, 1, '_PROCEDURESTEP_265_1'),
(266, 0, '_PROCEDURESTEP_266_0'),
(266, 1, '_PROCEDURESTEP_266_1'),
(266, 2, '_PROCEDURESTEP_266_2'),
(267, 0, '_PROCEDURESTEP_267_0'),
(267, 1, '_PROCEDURESTEP_267_1'),
(267, 2, '_PROCEDURESTEP_267_2'),
(268, 0, '_PROCEDURESTEP_268_0'),
(268, 1, '_PROCEDURESTEP_268_1'),
(268, 2, '_PROCEDURESTEP_268_2'),
(268, 3, '_PROCEDURESTEP_268_3'),
(268, 4, '_PROCEDURESTEP_268_4'),
(268, 5, '_PROCEDURESTEP_268_5'),
(268, 6, '_PROCEDURESTEP_268_6'),
(269, 0, '_PROCEDURESTEP_269_0'),
(269, 1, '_PROCEDURESTEP_269_1'),
(269, 2, '_PROCEDURESTEP_269_2'),
(270, 0, '_PROCEDURESTEP_270_0'),
(270, 1, '_PROCEDURESTEP_270_1'),
(270, 2, '_PROCEDURESTEP_270_2'),
(270, 3, '_PROCEDURESTEP_270_3'),
(270, 4, '_PROCEDURESTEP_270_4'),
(271, 0, '_PROCEDURESTEP_271_0'),
(271, 1, '_PROCEDURESTEP_271_1'),
(271, 2, '_PROCEDURESTEP_271_2'),
(271, 3, '_PROCEDURESTEP_271_3'),
(272, 0, '_PROCEDURESTEP_272_0'),
(272, 1, '_PROCEDURESTEP_272_1'),
(273, 0, '_PROCEDURESTEP_273_0'),
(273, 1, '_PROCEDURESTEP_273_1'),
(273, 2, '_PROCEDURESTEP_273_2'),
(274, 0, '_PROCEDURESTEP_274_0'),
(274, 1, '_PROCEDURESTEP_274_1'),
(274, 2, '_PROCEDURESTEP_274_2'),
(275, 0, '_PROCEDURESTEP_275_0'),
(275, 1, '_PROCEDURESTEP_275_1'),
(275, 2, '_PROCEDURESTEP_275_2'),
(276, 0, '_PROCEDURESTEP_276_0'),
(276, 1, '_PROCEDURESTEP_276_1');
